Info: *******************************************************************
Info: Running Quartus Prime Shell
    Info: Version 17.0.2 Build 602 07/19/2017 SJ Standard Edition
    Info: Copyright (C) 2017  Intel Corporation. All rights reserved.
    Info: Your use of Intel Corporation's design tools, logic functions 
    Info: and other software and tools, and its AMPP partner logic 
    Info: functions, and any output files from any of the foregoing 
    Info: (including device programming or simulation files), and any 
    Info: associated documentation or information are expressly subject 
    Info: to the terms and conditions of the Intel Program License 
    Info: Subscription Agreement, the Intel Quartus Prime License Agreement,
    Info: the Intel MegaCore Function License Agreement, or other 
    Info: applicable license agreement, including, without limitation, 
    Info: that your use is for the sole purpose of programming logic 
    Info: devices manufactured by Intel and sold by Intel or its 
    Info: authorized distributors.  Please refer to the applicable 
    Info: agreement for further details.
    Info: Processing started: Mon Sep 14 15:02:02 2026
Info: Command: quartus_sh --flow compile Arcade-IGSPGM
Info: Quartus(args): compile Arcade-IGSPGM
Info: Project Name = /tmp/h_Arcade-IGSPGM_MiSTer/Arcade-IGSPGM
Info: Revision Name = Arcade-IGSPGM
Info: *******************************************************************
Info: Running Quartus Prime Shell
    Info: Version 17.0.2 Build 602 07/19/2017 SJ Standard Edition
    Info: Processing started: Mon Sep 14 15:02:03 2026
Info: Command: quartus_sh -t sys/build_id.tcl compile Arcade-IGSPGM Arcade-IGSPGM
Info: Quartus(args): compile Arcade-IGSPGM Arcade-IGSPGM
Info: Generated: /tmp/h_Arcade-IGSPGM_MiSTer/build_id.v: `define BUILD_DATE "260914"
Info (23030): Evaluation of Tcl script sys/build_id.tcl was successful
Info: Quartus Prime Shell was successful. 0 errors, 0 warnings
    Info: Peak virtual memory: 753 megabytes
    Info: Processing ended: Mon Sep 14 15:02:03 2026
    Info: Elapsed time: 00:00:00
    Info: Total CPU time (on all processors): 00:00:00
Info: *******************************************************************
Info: Running Quartus Prime Analysis & Synthesis
    Info: Version 17.0.2 Build 602 07/19/2017 SJ Standard Edition
    Info: Processing started: Mon Sep 14 15:02:04 2026
Info: Command: quartus_map --read_settings_files=on --write_settings_files=off Arcade-IGSPGM -c Arcade-IGSPGM
Info (16303): High Performance Effort optimization mode selected -- timing performance will be prioritized at the potential cost of increased compilation time
Info (20030): Parallel compilation is enabled and will use 16 of the 24 processors detected
Info (12021): Found 1 design units, including 1 entities, in source file rtl/pll.v
    Info (12023): Found entity 1: pll File: /tmp/h_Arcade-IGSPGM_MiSTer/rtl/pll.v Line: 8
Info (12021): Found 1 design units, including 1 entities, in source file rtl/pll/pll_0002.v
    Info (12023): Found entity 1: pll_0002 File: /tmp/h_Arcade-IGSPGM_MiSTer/rtl/pll/pll_0002.v Line: 2
Info (12021): Found 1 design units, including 1 entities, in source file sys/pll_hdmi.v
    Info (12023): Found entity 1: pll_hdmi File: /tmp/h_Arcade-IGSPGM_MiSTer/sys/pll_hdmi.v Line: 8
Info (12021): Found 1 design units, including 1 entities, in source file sys/pll_hdmi/pll_hdmi_0002.v
    Info (12023): Found entity 1: pll_hdmi_0002 File: /tmp/h_Arcade-IGSPGM_MiSTer/sys/pll_hdmi/pll_hdmi_0002.v Line: 2
Info (12021): Found 1 design units, including 1 entities, in source file sys/pll_audio.v
    Info (12023): Found entity 1: pll_audio File: /tmp/h_Arcade-IGSPGM_MiSTer/sys/pll_audio.v Line: 8
Info (12021): Found 1 design units, including 1 entities, in source file sys/pll_audio/pll_audio_0002.v
    Info (12023): Found entity 1: pll_audio_0002 File: /tmp/h_Arcade-IGSPGM_MiSTer/sys/pll_audio/pll_audio_0002.v Line: 2
Info (12021): Found 1 design units, including 1 entities, in source file sys/pll_cfg/pll_cfg.v
    Info (12023): Found entity 1: pll_cfg File: /tmp/h_Arcade-IGSPGM_MiSTer/sys/pll_cfg/pll_cfg.v Line: 8
Info (12021): Found 1 design units, including 1 entities, in source file sys/pll_cfg/pll_cfg_hdmi.v
    Info (12023): Found entity 1: pll_cfg_hdmi File: /tmp/h_Arcade-IGSPGM_MiSTer/sys/pll_cfg/pll_cfg_hdmi.v Line: 16
Info (12021): Found 1 design units, including 1 entities, in source file sys/pll_cfg/altera_pll_reconfig_top.v
    Info (12023): Found entity 1: altera_pll_reconfig_top File: /tmp/h_Arcade-IGSPGM_MiSTer/sys/pll_cfg/altera_pll_reconfig_top.v Line: 16
Info (12021): Found 3 design units, including 3 entities, in source file sys/sys_top.v
    Info (12023): Found entity 1: sys_top File: /tmp/h_Arcade-IGSPGM_MiSTer/sys/sys_top.v Line: 22
    Info (12023): Found entity 2: sync_fix File: /tmp/h_Arcade-IGSPGM_MiSTer/sys/sys_top.v Line: 1867
    Info (12023): Found entity 3: csync File: /tmp/h_Arcade-IGSPGM_MiSTer/sys/sys_top.v Line: 1899
Info (12021): Found 2 design units, including 1 entities, in source file sys/ascal.vhd
    Info (12022): Found design unit 1: ascal-rtl File: /tmp/h_Arcade-IGSPGM_MiSTer/sys/ascal.vhd Line: 265
    Info (12023): Found entity 1: ascal File: /tmp/h_Arcade-IGSPGM_MiSTer/sys/ascal.vhd Line: 114
Info (12021): Found 2 design units, including 1 entities, in source file sys/pll_hdmi_adj.vhd
    Info (12022): Found design unit 1: pll_hdmi_adj-rtl File: /tmp/h_Arcade-IGSPGM_MiSTer/sys/pll_hdmi_adj.vhd Line: 53
    Info (12023): Found entity 1: pll_hdmi_adj File: /tmp/h_Arcade-IGSPGM_MiSTer/sys/pll_hdmi_adj.vhd Line: 21
Info (12021): Found 3 design units, including 3 entities, in source file sys/math.sv
    Info (12023): Found entity 1: sys_udiv File: /tmp/h_Arcade-IGSPGM_MiSTer/sys/math.sv Line: 3
    Info (12023): Found entity 2: sys_umul File: /tmp/h_Arcade-IGSPGM_MiSTer/sys/math.sv Line: 46
    Info (12023): Found entity 3: sys_umuldiv File: /tmp/h_Arcade-IGSPGM_MiSTer/sys/math.sv Line: 85
Info (12021): Found 5 design units, including 5 entities, in source file sys/hq2x.sv
    Info (12023): Found entity 1: Hq2x File: /tmp/h_Arcade-IGSPGM_MiSTer/sys/hq2x.sv Line: 13
    Info (12023): Found entity 2: hq2x_in File: /tmp/h_Arcade-IGSPGM_MiSTer/sys/hq2x.sv Line: 226
    Info (12023): Found entity 3: hq2x_buf File: /tmp/h_Arcade-IGSPGM_MiSTer/sys/hq2x.sv Line: 250
    Info (12023): Found entity 4: DiffCheck File: /tmp/h_Arcade-IGSPGM_MiSTer/sys/hq2x.sv Line: 271
    Info (12023): Found entity 5: Blend File: /tmp/h_Arcade-IGSPGM_MiSTer/sys/hq2x.sv Line: 298
Info (12021): Found 1 design units, including 1 entities, in source file sys/scandoubler.v
    Info (12023): Found entity 1: scandoubler File: /tmp/h_Arcade-IGSPGM_MiSTer/sys/scandoubler.v Line: 22
Info (12021): Found 1 design units, including 1 entities, in source file sys/scanlines.v
    Info (12023): Found entity 1: scanlines File: /tmp/h_Arcade-IGSPGM_MiSTer/sys/scanlines.v Line: 1
Info (12021): Found 1 design units, including 1 entities, in source file sys/shadowmask.sv
    Info (12023): Found entity 1: shadowmask File: /tmp/h_Arcade-IGSPGM_MiSTer/sys/shadowmask.sv Line: 1
Info (12021): Found 2 design units, including 2 entities, in source file sys/video_cleaner.sv
    Info (12023): Found entity 1: video_cleaner File: /tmp/h_Arcade-IGSPGM_MiSTer/sys/video_cleaner.sv Line: 12
    Info (12023): Found entity 2: s_fix File: /tmp/h_Arcade-IGSPGM_MiSTer/sys/video_cleaner.sv Line: 81
Info (12021): Found 2 design units, including 2 entities, in source file sys/gamma_corr.sv
    Info (12023): Found entity 1: gamma_corr File: /tmp/h_Arcade-IGSPGM_MiSTer/sys/gamma_corr.sv Line: 1
    Info (12023): Found entity 2: gamma_fast File: /tmp/h_Arcade-IGSPGM_MiSTer/sys/gamma_corr.sv Line: 62
Info (12021): Found 1 design units, including 1 entities, in source file sys/video_mixer.sv
    Info (12023): Found entity 1: video_mixer File: /tmp/h_Arcade-IGSPGM_MiSTer/sys/video_mixer.sv Line: 19
Info (12021): Found 2 design units, including 2 entities, in source file sys/video_freak.sv
    Info (12023): Found entity 1: video_freak File: /tmp/h_Arcade-IGSPGM_MiSTer/sys/video_freak.sv Line: 16
    Info (12023): Found entity 2: video_scale_int File: /tmp/h_Arcade-IGSPGM_MiSTer/sys/video_freak.sv Line: 141
Info (12021): Found 2 design units, including 2 entities, in source file sys/video_freezer.sv
    Info (12023): Found entity 1: video_freezer File: /tmp/h_Arcade-IGSPGM_MiSTer/sys/video_freezer.sv Line: 21
    Info (12023): Found entity 2: sync_lock File: /tmp/h_Arcade-IGSPGM_MiSTer/sys/video_freezer.sv Line: 80
Info (12021): Found 2 design units, including 2 entities, in source file sys/arcade_video.v
    Info (12023): Found entity 1: arcade_video File: /tmp/h_Arcade-IGSPGM_MiSTer/sys/arcade_video.v Line: 29
    Info (12023): Found entity 2: screen_rotate File: /tmp/h_Arcade-IGSPGM_MiSTer/sys/arcade_video.v Line: 168
Info (12021): Found 1 design units, including 1 entities, in source file sys/osd.v
    Info (12023): Found entity 1: osd File: /tmp/h_Arcade-IGSPGM_MiSTer/sys/osd.v Line: 4
Info (12021): Found 1 design units, including 1 entities, in source file sys/vga_out.sv
    Info (12023): Found entity 1: vga_out File: /tmp/h_Arcade-IGSPGM_MiSTer/sys/vga_out.sv Line: 2
Info (12021): Found 1 design units, including 1 entities, in source file sys/yc_out.sv
    Info (12023): Found entity 1: yc_out File: /tmp/h_Arcade-IGSPGM_MiSTer/sys/yc_out.sv Line: 28
Info (12021): Found 1 design units, including 1 entities, in source file sys/i2c.v
    Info (12023): Found entity 1: i2c File: /tmp/h_Arcade-IGSPGM_MiSTer/sys/i2c.v Line: 2
Info (12021): Found 1 design units, including 1 entities, in source file sys/alsa.sv
    Info (12023): Found entity 1: alsa File: /tmp/h_Arcade-IGSPGM_MiSTer/sys/alsa.sv Line: 22
Info (12021): Found 1 design units, including 1 entities, in source file sys/i2s.v
    Info (12023): Found entity 1: i2s File: /tmp/h_Arcade-IGSPGM_MiSTer/sys/i2s.v Line: 2
Info (12021): Found 1 design units, including 1 entities, in source file sys/spdif.v
    Info (12023): Found entity 1: spdif File: /tmp/h_Arcade-IGSPGM_MiSTer/sys/spdif.v Line: 33
Info (12021): Found 2 design units, including 2 entities, in source file sys/audio_out.v
    Info (12023): Found entity 1: audio_out File: /tmp/h_Arcade-IGSPGM_MiSTer/sys/audio_out.v Line: 2
    Info (12023): Found entity 2: aud_mix_top File: /tmp/h_Arcade-IGSPGM_MiSTer/sys/audio_out.v Line: 258
Info (12021): Found 3 design units, including 3 entities, in source file sys/iir_filter.v
    Info (12023): Found entity 1: IIR_filter File: /tmp/h_Arcade-IGSPGM_MiSTer/sys/iir_filter.v Line: 22
    Info (12023): Found entity 2: iir_filter_tap File: /tmp/h_Arcade-IGSPGM_MiSTer/sys/iir_filter.v Line: 150
    Info (12023): Found entity 3: DC_blocker File: /tmp/h_Arcade-IGSPGM_MiSTer/sys/iir_filter.v Line: 191
Info (12021): Found 2 design units, including 2 entities, in source file sys/ltc2308.sv
    Info (12023): Found entity 1: ltc2308 File: /tmp/h_Arcade-IGSPGM_MiSTer/sys/ltc2308.sv Line: 28
    Info (12023): Found entity 2: ltc2308_tape File: /tmp/h_Arcade-IGSPGM_MiSTer/sys/ltc2308.sv Line: 105
Info (12021): Found 1 design units, including 1 entities, in source file sys/sigma_delta_dac.v
    Info (12023): Found entity 1: sigma_delta_dac File: /tmp/h_Arcade-IGSPGM_MiSTer/sys/sigma_delta_dac.v Line: 6
Info (12021): Found 1 design units, including 1 entities, in source file sys/mt32pi.sv
    Info (12023): Found entity 1: mt32pi File: /tmp/h_Arcade-IGSPGM_MiSTer/sys/mt32pi.sv Line: 8
Info (12021): Found 1 design units, including 1 entities, in source file sys/mcp23009.sv
    Info (12023): Found entity 1: mcp23009 File: /tmp/h_Arcade-IGSPGM_MiSTer/sys/mcp23009.sv Line: 5
Info (12021): Found 1 design units, including 1 entities, in source file sys/f2sdram_safe_terminator.sv
    Info (12023): Found entity 1: f2sdram_safe_terminator File: /tmp/h_Arcade-IGSPGM_MiSTer/sys/f2sdram_safe_terminator.sv Line: 55
Info (12021): Found 1 design units, including 1 entities, in source file sys/ddr_svc.sv
    Info (12023): Found entity 1: ddr_svc File: /tmp/h_Arcade-IGSPGM_MiSTer/sys/ddr_svc.sv Line: 23
Info (12021): Found 2 design units, including 2 entities, in source file sys/sysmem.sv
    Info (12023): Found entity 1: sysmem_lite File: /tmp/h_Arcade-IGSPGM_MiSTer/sys/sysmem.sv Line: 2
    Info (12023): Found entity 2: sysmem_HPS_fpga_interfaces File: /tmp/h_Arcade-IGSPGM_MiSTer/sys/sysmem.sv Line: 241
Info (12021): Found 1 design units, including 1 entities, in source file sys/sd_card.sv
    Info (12023): Found entity 1: sd_card File: /tmp/h_Arcade-IGSPGM_MiSTer/sys/sd_card.sv Line: 28
Info (12021): Found 4 design units, including 4 entities, in source file sys/hps_io.sv
    Info (12023): Found entity 1: hps_io File: /tmp/h_Arcade-IGSPGM_MiSTer/sys/hps_io.sv Line: 30
    Info (12023): Found entity 2: ps2_device File: /tmp/h_Arcade-IGSPGM_MiSTer/sys/hps_io.sv Line: 754
    Info (12023): Found entity 3: video_calc File: /tmp/h_Arcade-IGSPGM_MiSTer/sys/hps_io.sv Line: 897
    Info (12023): Found entity 4: confstr_rom File: /tmp/h_Arcade-IGSPGM_MiSTer/sys/hps_io.sv Line: 1065
Info (12021): Found 1 design units, including 1 entities, in source file sys/joydb9md.v
    Info (12023): Found entity 1: joy_db9md File: /tmp/h_Arcade-IGSPGM_MiSTer/sys/joydb9md.v Line: 5
Info (12021): Found 1 design units, including 1 entities, in source file sys/joydb15.v
    Info (12023): Found entity 1: joy_db15 File: /tmp/h_Arcade-IGSPGM_MiSTer/sys/joydb15.v Line: 4
Info (12021): Found 1 design units, including 1 entities, in source file sys/joydb9saturn.v
    Info (12023): Found entity 1: joy_db9saturn File: /tmp/h_Arcade-IGSPGM_MiSTer/sys/joydb9saturn.v Line: 45
Info (12021): Found 1 design units, including 1 entities, in source file sys/joydb.sv
    Info (12023): Found entity 1: joydb File: /tmp/h_Arcade-IGSPGM_MiSTer/sys/joydb.sv Line: 43
Info (12021): Found 1 design units, including 1 entities, in source file sys/joydb_remap.sv
    Info (12023): Found entity 1: joydb_remap File: /tmp/h_Arcade-IGSPGM_MiSTer/sys/joydb_remap.sv Line: 37
Info (12021): Found 1 design units, including 1 entities, in source file sys/siphash24.v
    Info (12023): Found entity 1: siphash24 File: /tmp/h_Arcade-IGSPGM_MiSTer/sys/siphash24.v Line: 14
Info (12021): Found 1 design units, including 1 entities, in source file sys/db9_key_gate.sv
    Info (12023): Found entity 1: db9_key_gate File: /tmp/h_Arcade-IGSPGM_MiSTer/sys/db9_key_gate.sv Line: 7
Info (12021): Found 1 design units, including 1 entities, in source file Arcade-IGSPGM.sv
    Info (12023): Found entity 1: emu File: /tmp/h_Arcade-IGSPGM_MiSTer/Arcade-IGSPGM.sv Line: 19
Info (12021): Found 14 design units, including 14 entities, in source file rtl/fx68k/hdl/fx68k.sv
    Info (12023): Found entity 1: fx68k File: /tmp/h_Arcade-IGSPGM_MiSTer/rtl/fx68k/hdl/fx68k.sv Line: 136
    Info (12023): Found entity 2: nDecoder3 File: /tmp/h_Arcade-IGSPGM_MiSTer/rtl/fx68k/hdl/fx68k.sv Line: 658
    Info (12023): Found entity 3: irdDecode File: /tmp/h_Arcade-IGSPGM_MiSTer/rtl/fx68k/hdl/fx68k.sv Line: 938
    Info (12023): Found entity 4: excUnit File: /tmp/h_Arcade-IGSPGM_MiSTer/rtl/fx68k/hdl/fx68k.sv Line: 1150
    Info (12023): Found entity 5: dataIo File: /tmp/h_Arcade-IGSPGM_MiSTer/rtl/fx68k/hdl/fx68k.sv Line: 1704
    Info (12023): Found entity 6: uaddrDecode File: /tmp/h_Arcade-IGSPGM_MiSTer/rtl/fx68k/hdl/fx68k.sv Line: 1804
    Info (12023): Found entity 7: onehotEncoder4 File: /tmp/h_Arcade-IGSPGM_MiSTer/rtl/fx68k/hdl/fx68k.sv Line: 1889
    Info (12023): Found entity 8: pren File: /tmp/h_Arcade-IGSPGM_MiSTer/rtl/fx68k/hdl/fx68k.sv Line: 1916
    Info (12023): Found entity 9: sequencer File: /tmp/h_Arcade-IGSPGM_MiSTer/rtl/fx68k/hdl/fx68k.sv Line: 1940
    Info (12023): Found entity 10: busArbiter File: /tmp/h_Arcade-IGSPGM_MiSTer/rtl/fx68k/hdl/fx68k.sv Line: 2181
    Info (12023): Found entity 11: busControl File: /tmp/h_Arcade-IGSPGM_MiSTer/rtl/fx68k/hdl/fx68k.sv Line: 2265
    Info (12023): Found entity 12: uRom File: /tmp/h_Arcade-IGSPGM_MiSTer/rtl/fx68k/hdl/fx68k.sv Line: 2471
    Info (12023): Found entity 13: nanoRom File: /tmp/h_Arcade-IGSPGM_MiSTer/rtl/fx68k/hdl/fx68k.sv Line: 2482
    Info (12023): Found entity 14: microToNanoAddr File: /tmp/h_Arcade-IGSPGM_MiSTer/rtl/fx68k/hdl/fx68k.sv Line: 2493
Info (12021): Found 6 design units, including 6 entities, in source file rtl/fx68k/hdl/fx68kAlu.sv
    Info (12023): Found entity 1: fx68kAlu File: /tmp/h_Arcade-IGSPGM_MiSTer/rtl/fx68k/hdl/fx68kAlu.sv Line: 31
    Info (12023): Found entity 2: aluCorf File: /tmp/h_Arcade-IGSPGM_MiSTer/rtl/fx68k/hdl/fx68kAlu.sv Line: 457
    Info (12023): Found entity 3: aluShifter File: /tmp/h_Arcade-IGSPGM_MiSTer/rtl/fx68k/hdl/fx68kAlu.sv Line: 492
    Info (12023): Found entity 4: aluGetOp File: /tmp/h_Arcade-IGSPGM_MiSTer/rtl/fx68k/hdl/fx68kAlu.sv Line: 527
    Info (12023): Found entity 5: rowDecoder File: /tmp/h_Arcade-IGSPGM_MiSTer/rtl/fx68k/hdl/fx68kAlu.sv Line: 624
    Info (12023): Found entity 6: ccrTable File: /tmp/h_Arcade-IGSPGM_MiSTer/rtl/fx68k/hdl/fx68kAlu.sv Line: 758
Info (12021): Found 1 design units, including 1 entities, in source file rtl/fx68k/hdl/uaddrPla.sv
    Info (12023): Found entity 1: pla_lined File: /tmp/h_Arcade-IGSPGM_MiSTer/rtl/fx68k/hdl/uaddrPla.sv Line: 41
Info (12021): Found 1 design units, including 1 entities, in source file rtl/pause.sv
    Info (12023): Found entity 1: pause File: /tmp/h_Arcade-IGSPGM_MiSTer/rtl/pause.sv Line: 33
Info (12021): Found 1 design units, including 1 entities, in source file rtl/savestate_ui.sv
    Info (12023): Found entity 1: savestate_ui File: /tmp/h_Arcade-IGSPGM_MiSTer/rtl/savestate_ui.sv Line: 18
Info (12021): Found 1 design units, including 1 entities, in source file rtl/sdram.sv
    Info (12023): Found entity 1: sdram File: /tmp/h_Arcade-IGSPGM_MiSTer/rtl/sdram.sv Line: 21
Info (12021): Found 1 design units, including 0 entities, in source file rtl/system_consts.sv
    Info (12022): Found design unit 1: system_consts (SystemVerilog) File: /tmp/h_Arcade-IGSPGM_MiSTer/rtl/system_consts.sv Line: 18
Info (12021): Found 1 design units, including 1 entities, in source file rtl/PGM.sv
    Info (12023): Found entity 1: PGM File: /tmp/h_Arcade-IGSPGM_MiSTer/rtl/PGM.sv Line: 20
Info (12021): Found 1 design units, including 1 entities, in source file rtl/igs023.sv
    Info (12023): Found entity 1: IGS023 File: /tmp/h_Arcade-IGSPGM_MiSTer/rtl/igs023.sv Line: 18
Info (12021): Found 1 design units, including 1 entities, in source file rtl/igs023_fg.sv
    Info (12023): Found entity 1: IGS023_FG File: /tmp/h_Arcade-IGSPGM_MiSTer/rtl/igs023_fg.sv Line: 18
Info (12021): Found 1 design units, including 1 entities, in source file rtl/igs023_bg.sv
    Info (12023): Found entity 1: IGS023_BG File: /tmp/h_Arcade-IGSPGM_MiSTer/rtl/igs023_bg.sv Line: 18
Info (12021): Found 1 design units, including 1 entities, in source file rtl/igs023_sprite.sv
    Info (12023): Found entity 1: IGS023_Sprite File: /tmp/h_Arcade-IGSPGM_MiSTer/rtl/igs023_sprite.sv Line: 20
Info (12021): Found 1 design units, including 1 entities, in source file rtl/igs023_buffer.sv
    Info (12023): Found entity 1: IGS023_Buffer File: /tmp/h_Arcade-IGSPGM_MiSTer/rtl/igs023_buffer.sv Line: 20
Info (12021): Found 1 design units, including 1 entities, in source file rtl/igs026_x.sv
    Info (12023): Found entity 1: IGS026_X File: /tmp/h_Arcade-IGSPGM_MiSTer/rtl/igs026_x.sv Line: 18
Info (12021): Found 1 design units, including 1 entities, in source file rtl/rom_decrypt.sv
    Info (12023): Found entity 1: rom_decrypt File: /tmp/h_Arcade-IGSPGM_MiSTer/rtl/rom_decrypt.sv Line: 20
Info (12021): Found 1 design units, including 1 entities, in source file rtl/exrom_decrypt.sv
    Info (12023): Found entity 1: exrom_decrypt File: /tmp/h_Arcade-IGSPGM_MiSTer/rtl/exrom_decrypt.sv Line: 26
Info (12021): Found 1 design units, including 1 entities, in source file rtl/pgm_asic3.sv
    Info (12023): Found entity 1: pgm_asic3 File: /tmp/h_Arcade-IGSPGM_MiSTer/rtl/pgm_asic3.sv Line: 7
Info (12021): Found 1 design units, including 1 entities, in source file rtl/igs025_src_tables.sv
    Info (12023): Found entity 1: igs025_src_tables File: /tmp/h_Arcade-IGSPGM_MiSTer/rtl/igs025_src_tables.sv Line: 5
Info (12021): Found 1 design units, including 1 entities, in source file rtl/igs025.sv
    Info (12023): Found entity 1: igs025 File: /tmp/h_Arcade-IGSPGM_MiSTer/rtl/igs025.sv Line: 9
Info (12021): Found 1 design units, including 1 entities, in source file rtl/igs022.sv
    Info (12023): Found entity 1: igs022 File: /tmp/h_Arcade-IGSPGM_MiSTer/rtl/igs022.sv Line: 6
Info (12021): Found 1 design units, including 1 entities, in source file rtl/gamebub-arm/generated/Alu.sv
    Info (12023): Found entity 1: Alu File: /tmp/h_Arcade-IGSPGM_MiSTer/rtl/gamebub-arm/generated/Alu.sv Line: 2
Info (12021): Found 1 design units, including 1 entities, in source file rtl/gamebub-arm/generated/Shifter.sv
    Info (12023): Found entity 1: Shifter File: /tmp/h_Arcade-IGSPGM_MiSTer/rtl/gamebub-arm/generated/Shifter.sv Line: 2
Info (12021): Found 1 design units, including 1 entities, in source file rtl/gamebub-arm/generated/Multiplier.sv
    Info (12023): Found entity 1: Multiplier File: /tmp/h_Arcade-IGSPGM_MiSTer/rtl/gamebub-arm/generated/Multiplier.sv Line: 2
Info (12021): Found 1 design units, including 1 entities, in source file rtl/gamebub-arm/generated/Decoder.sv
    Info (12023): Found entity 1: Decoder File: /tmp/h_Arcade-IGSPGM_MiSTer/rtl/gamebub-arm/generated/Decoder.sv Line: 2
Info (12021): Found 1 design units, including 1 entities, in source file rtl/gamebub-arm/generated/Control.sv
    Info (12023): Found entity 1: Control File: /tmp/h_Arcade-IGSPGM_MiSTer/rtl/gamebub-arm/generated/Control.sv Line: 2
Info (12021): Found 1 design units, including 1 entities, in source file rtl/gamebub-arm/generated/ARM7TDMI.sv
    Info (12023): Found entity 1: ARM7TDMI File: /tmp/h_Arcade-IGSPGM_MiSTer/rtl/gamebub-arm/generated/ARM7TDMI.sv Line: 2
Info (12021): Found 1 design units, including 1 entities, in source file rtl/arm_rom_cache.sv
    Info (12023): Found entity 1: arm_rom_cache File: /tmp/h_Arcade-IGSPGM_MiSTer/rtl/arm_rom_cache.sv Line: 18
Info (12021): Found 1 design units, including 1 entities, in source file rtl/prot_cache.sv
    Info (12023): Found entity 1: prot_cache File: /tmp/h_Arcade-IGSPGM_MiSTer/rtl/prot_cache.sv Line: 25
Info (12021): Found 1 design units, including 1 entities, in source file rtl/share_cache.sv
    Info (12023): Found entity 1: share_cache File: /tmp/h_Arcade-IGSPGM_MiSTer/rtl/share_cache.sv Line: 33
Info (12021): Found 1 design units, including 1 entities, in source file rtl/ram_cache.sv
    Info (12023): Found entity 1: ram_cache File: /tmp/h_Arcade-IGSPGM_MiSTer/rtl/ram_cache.sv Line: 24
Info (12021): Found 1 design units, including 1 entities, in source file rtl/igs027a.sv
    Info (12023): Found entity 1: igs027a File: /tmp/h_Arcade-IGSPGM_MiSTer/rtl/igs027a.sv Line: 20
Info (12021): Found 2 design units, including 2 entities, in source file rtl/v3021.sv
    Info (12023): Found entity 1: bcd_counter File: /tmp/h_Arcade-IGSPGM_MiSTer/rtl/v3021.sv Line: 26
    Info (12023): Found entity 2: V3021 File: /tmp/h_Arcade-IGSPGM_MiSTer/rtl/v3021.sv Line: 76
Info (12021): Found 1 design units, including 1 entities, in source file rtl/address_translator.sv
    Info (12023): Found entity 1: address_translator File: /tmp/h_Arcade-IGSPGM_MiSTer/rtl/address_translator.sv Line: 20
Info (12021): Found 7 design units, including 7 entities, in source file rtl/ram.sv
    Info (12023): Found entity 1: ram_ss_adaptor File: /tmp/h_Arcade-IGSPGM_MiSTer/rtl/ram.sv Line: 20
    Info (12023): Found entity 2: m68k_ram_ss_adaptor File: /tmp/h_Arcade-IGSPGM_MiSTer/rtl/ram.sv Line: 66
    Info (12023): Found entity 3: dualport_ram_unreg File: /tmp/h_Arcade-IGSPGM_MiSTer/rtl/ram.sv Line: 115
    Info (12023): Found entity 4: dualport_ram_be File: /tmp/h_Arcade-IGSPGM_MiSTer/rtl/ram.sv Line: 222
    Info (12023): Found entity 5: singleport_ram File: /tmp/h_Arcade-IGSPGM_MiSTer/rtl/ram.sv Line: 333
    Info (12023): Found entity 6: m68k_ram File: /tmp/h_Arcade-IGSPGM_MiSTer/rtl/ram.sv Line: 406
    Info (12023): Found entity 7: m68k_ram_dp File: /tmp/h_Arcade-IGSPGM_MiSTer/rtl/ram.sv Line: 488
Info (12021): Found 2 design units, including 2 entities, in source file rtl/jtframe_frac_cen.v
    Info (12023): Found entity 1: jtframe_frac_cen File: /tmp/h_Arcade-IGSPGM_MiSTer/rtl/jtframe_frac_cen.v Line: 6
    Info (12023): Found entity 2: jtframe_frac_cen_catchup File: /tmp/h_Arcade-IGSPGM_MiSTer/rtl/jtframe_frac_cen.v Line: 64
Info (12021): Found 1 design units, including 1 entities, in source file rtl/jtframe_resync.v
    Info (12023): Found entity 1: jtframe_resync File: /tmp/h_Arcade-IGSPGM_MiSTer/rtl/jtframe_resync.v Line: 19
Info (12021): Found 1 design units, including 1 entities, in source file rtl/memory_stream.sv
    Info (12023): Found entity 1: memory_stream File: /tmp/h_Arcade-IGSPGM_MiSTer/rtl/memory_stream.sv Line: 18
Info (12021): Found 5 design units, including 5 entities, in source file rtl/savestates.sv
    Info (12023): Found entity 1: ssbus_if File: /tmp/h_Arcade-IGSPGM_MiSTer/rtl/savestates.sv Line: 18
    Info (12023): Found entity 2: ssbus_mux File: /tmp/h_Arcade-IGSPGM_MiSTer/rtl/savestates.sv Line: 70
    Info (12023): Found entity 3: auto_save_adaptor File: /tmp/h_Arcade-IGSPGM_MiSTer/rtl/savestates.sv Line: 111
    Info (12023): Found entity 4: auto_save_adaptor2 File: /tmp/h_Arcade-IGSPGM_MiSTer/rtl/savestates.sv Line: 150
    Info (12023): Found entity 5: save_state_data File: /tmp/h_Arcade-IGSPGM_MiSTer/rtl/savestates.sv Line: 268
Info (12021): Found 2 design units, including 2 entities, in source file rtl/ddram.sv
    Info (12023): Found entity 1: ddr_if File: /tmp/h_Arcade-IGSPGM_MiSTer/rtl/ddram.sv Line: 18
    Info (12023): Found entity 2: ddr_mux File: /tmp/h_Arcade-IGSPGM_MiSTer/rtl/ddram.sv Line: 44
Info (12021): Found 2 design units, including 2 entities, in source file rtl/rom_loader.sv
    Info (12023): Found entity 1: rom_loader File: /tmp/h_Arcade-IGSPGM_MiSTer/rtl/rom_loader.sv Line: 20
    Info (12023): Found entity 2: ddr_rom_loader_adaptor File: /tmp/h_Arcade-IGSPGM_MiSTer/rtl/rom_loader.sv Line: 202
Info (12021): Found 1 design units, including 1 entities, in source file rtl/audio_mix.sv
    Info (12023): Found entity 1: audio_mix File: /tmp/h_Arcade-IGSPGM_MiSTer/rtl/audio_mix.sv Line: 18
Info (12021): Found 1 design units, including 1 entities, in source file rtl/video_path.sv
    Info (12023): Found entity 1: video_path File: /tmp/h_Arcade-IGSPGM_MiSTer/rtl/video_path.sv Line: 18
Info (12021): Found 1 design units, including 1 entities, in source file rtl/video_hscale.sv
    Info (12023): Found entity 1: video_hscale File: /tmp/h_Arcade-IGSPGM_MiSTer/rtl/video_hscale.sv Line: 25
Info (12021): Found 3 design units, including 3 entities, in source file rtl/rom_cache.sv
    Info (12023): Found entity 1: rom_cache File: /tmp/h_Arcade-IGSPGM_MiSTer/rtl/rom_cache.sv Line: 20
    Info (12023): Found entity 2: rom_cache2 File: /tmp/h_Arcade-IGSPGM_MiSTer/rtl/rom_cache.sv Line: 106
    Info (12023): Found entity 3: audio_rom_cache File: /tmp/h_Arcade-IGSPGM_MiSTer/rtl/rom_cache.sv Line: 176
Info (12021): Found 1 design units, including 1 entities, in source file rtl/mame_keys.sv
    Info (12023): Found entity 1: mame_keys File: /tmp/h_Arcade-IGSPGM_MiSTer/rtl/mame_keys.sv Line: 18
Info (12021): Found 1 design units, including 1 entities, in source file rtl/coin_pulse.sv
    Info (12023): Found entity 1: coin_pulse File: /tmp/h_Arcade-IGSPGM_MiSTer/rtl/coin_pulse.sv Line: 18
Info (12021): Found 1 design units, including 1 entities, in source file rtl/video_timing.sv
    Info (12023): Found entity 1: video_timing File: /tmp/h_Arcade-IGSPGM_MiSTer/rtl/video_timing.sv Line: 18
Info (12021): Found 1 design units, including 0 entities, in source file rtl/ics2115/ics2115_pkg.sv
    Info (12022): Found design unit 1: ics2115_pkg (SystemVerilog) File: /tmp/h_Arcade-IGSPGM_MiSTer/rtl/ics2115/ics2115_pkg.sv Line: 21
Warning (10259): Verilog HDL error at ics2115.sv(564): constant value overflow File: /tmp/h_Arcade-IGSPGM_MiSTer/rtl/ics2115/ics2115.sv Line: 564
Warning (10259): Verilog HDL error at ics2115.sv(571): constant value overflow File: /tmp/h_Arcade-IGSPGM_MiSTer/rtl/ics2115/ics2115.sv Line: 571
Info (12021): Found 1 design units, including 1 entities, in source file rtl/ics2115/ics2115.sv
    Info (12023): Found entity 1: ics2115 File: /tmp/h_Arcade-IGSPGM_MiSTer/rtl/ics2115/ics2115.sv Line: 23
Info (12021): Found 1 design units, including 1 entities, in source file rtl/ics2115/ics2115_tables.sv
    Info (12023): Found entity 1: ics2115_tables File: /tmp/h_Arcade-IGSPGM_MiSTer/rtl/ics2115/ics2115_tables.sv Line: 25
Info (12021): Found 1 design units, including 1 entities, in source file rtl/ics2115/ics2115_osc.sv
    Info (12023): Found entity 1: ics2115_osc File: /tmp/h_Arcade-IGSPGM_MiSTer/rtl/ics2115/ics2115_osc.sv Line: 28
Info (12021): Found 5 design units, including 5 entities, in source file rtl/tv80_auto_ss.sv
    Info (12023): Found entity 1: tv80_mcode File: /tmp/h_Arcade-IGSPGM_MiSTer/rtl/tv80_auto_ss.sv Line: 3
    Info (12023): Found entity 2: tv80_alu File: /tmp/h_Arcade-IGSPGM_MiSTer/rtl/tv80_auto_ss.sv Line: 2282
    Info (12023): Found entity 3: tv80_reg File: /tmp/h_Arcade-IGSPGM_MiSTer/rtl/tv80_auto_ss.sv Line: 2666
    Info (12023): Found entity 4: tv80_core File: /tmp/h_Arcade-IGSPGM_MiSTer/rtl/tv80_auto_ss.sv Line: 2791
    Info (12023): Found entity 5: tv80s File: /tmp/h_Arcade-IGSPGM_MiSTer/rtl/tv80_auto_ss.sv Line: 4139
Warning (10222): Verilog HDL Parameter Declaration warning at memory_stream.sv(72): Parameter Declaration in module "memory_stream" behaves as a Local Parameter Declaration because the module has a Module Parameter Port List File: /tmp/h_Arcade-IGSPGM_MiSTer/rtl/memory_stream.sv Line: 72
Warning (10222): Verilog HDL Parameter Declaration warning at jtframe_resync.v(32): Parameter Declaration in module "jtframe_resync" behaves as a Local Parameter Declaration because the module has a Module Parameter Port List File: /tmp/h_Arcade-IGSPGM_MiSTer/rtl/jtframe_resync.v Line: 32
Info (12127): Elaborating entity "sys_top" for the top level hierarchy
Warning (10036): Verilog HDL or VHDL warning at sys_top.v(135): object "SD_SPI_CS" assigned a value but never read File: /tmp/h_Arcade-IGSPGM_MiSTer/sys/sys_top.v Line: 135
Info (12128): Elaborating entity "mcp23009" for hierarchy "mcp23009:mcp23009" File: /tmp/h_Arcade-IGSPGM_MiSTer/sys/sys_top.v Line: 183
Info (12128): Elaborating entity "i2c" for hierarchy "mcp23009:mcp23009|i2c:i2c" File: /tmp/h_Arcade-IGSPGM_MiSTer/sys/mcp23009.sv Line: 41
Info (12128): Elaborating entity "sysmem_lite" for hierarchy "sysmem_lite:sysmem" File: /tmp/h_Arcade-IGSPGM_MiSTer/sys/sys_top.v Line: 633
Info (12128): Elaborating entity "f2sdram_safe_terminator" for hierarchy "sysmem_lite:sysmem|f2sdram_safe_terminator:f2sdram_safe_terminator_ram1" File: /tmp/h_Arcade-IGSPGM_MiSTer/sys/sysmem.sv Line: 91
Info (12128): Elaborating entity "f2sdram_safe_terminator" for hierarchy "sysmem_lite:sysmem|f2sdram_safe_terminator:f2sdram_safe_terminator_vbuf" File: /tmp/h_Arcade-IGSPGM_MiSTer/sys/sysmem.sv Line: 183
Info (12128): Elaborating entity "sysmem_HPS_fpga_interfaces" for hierarchy "sysmem_lite:sysmem|sysmem_HPS_fpga_interfaces:fpga_interfaces" File: /tmp/h_Arcade-IGSPGM_MiSTer/sys/sysmem.sv Line: 223
Info (12128): Elaborating entity "ddr_svc" for hierarchy "ddr_svc:ddr_svc" File: /tmp/h_Arcade-IGSPGM_MiSTer/sys/sys_top.v Line: 674
Info (12128): Elaborating entity "ascal" for hierarchy "ascal:ascal" File: /tmp/h_Arcade-IGSPGM_MiSTer/sys/sys_top.v Line: 808
Info (19000): Inferred 5 megafunctions from design logic
    Info (276029): Inferred altsyncram megafunction from the following design logic: "ascal:ascal|altsyncram:i_mem[0].r[7]__1" 
        Info (286033): Parameter OPERATION_MODE set to DUAL_PORT
        Info (286033): Parameter WIDTH_A set to 24
        Info (286033): Parameter WIDTHAD_A set to 11
        Info (286033): Parameter NUMWORDS_A set to 2048
        Info (286033): Parameter WIDTH_B set to 24
        Info (286033): Parameter WIDTHAD_B set to 11
        Info (286033): Parameter NUMWORDS_B set to 2048
        Info (286033): Parameter ADDRESS_ACLR_A set to NONE
        Info (286033): Parameter OUTDATA_REG_B set to UNREGISTERED
        Info (286033): Parameter ADDRESS_ACLR_B set to NONE
        Info (286033): Parameter OUTDATA_ACLR_B set to NONE
        Info (286033): Parameter ADDRESS_REG_B set to CLOCK0
        Info (286033): Parameter INDATA_ACLR_A set to NONE
        Info (286033): Parameter WRCONTROL_ACLR_A set to NONE
        Info (286033): Parameter READ_DURING_WRITE_MODE_MIXED_PORTS set to OLD_DATA
        Info (286033): Parameter RDCONTROL_REG_B set to CLOCK0
    Info (276029): Inferred altsyncram megafunction from the following design logic: "ascal:ascal|altsyncram:o_line0[0].r[7]__2" 
        Info (286033): Parameter OPERATION_MODE set to DUAL_PORT
        Info (286033): Parameter WIDTH_A set to 24
        Info (286033): Parameter WIDTHAD_A set to 11
        Info (286033): Parameter NUMWORDS_A set to 2048
        Info (286033): Parameter WIDTH_B set to 24
        Info (286033): Parameter WIDTHAD_B set to 11
        Info (286033): Parameter NUMWORDS_B set to 2048
        Info (286033): Parameter ADDRESS_ACLR_A set to NONE
        Info (286033): Parameter OUTDATA_REG_B set to UNREGISTERED
        Info (286033): Parameter ADDRESS_ACLR_B set to NONE
        Info (286033): Parameter OUTDATA_ACLR_B set to NONE
        Info (286033): Parameter ADDRESS_REG_B set to CLOCK0
        Info (286033): Parameter INDATA_ACLR_A set to NONE
        Info (286033): Parameter WRCONTROL_ACLR_A set to NONE
        Info (286033): Parameter READ_DURING_WRITE_MODE_MIXED_PORTS set to OLD_DATA
    Info (276029): Inferred altsyncram megafunction from the following design logic: "ascal:ascal|altsyncram:o_line1[0].r[7]__3" 
        Info (286033): Parameter OPERATION_MODE set to DUAL_PORT
        Info (286033): Parameter WIDTH_A set to 24
        Info (286033): Parameter WIDTHAD_A set to 11
        Info (286033): Parameter NUMWORDS_A set to 2048
        Info (286033): Parameter WIDTH_B set to 24
        Info (286033): Parameter WIDTHAD_B set to 11
        Info (286033): Parameter NUMWORDS_B set to 2048
        Info (286033): Parameter ADDRESS_ACLR_A set to NONE
        Info (286033): Parameter OUTDATA_REG_B set to UNREGISTERED
        Info (286033): Parameter ADDRESS_ACLR_B set to NONE
        Info (286033): Parameter OUTDATA_ACLR_B set to NONE
        Info (286033): Parameter ADDRESS_REG_B set to CLOCK0
        Info (286033): Parameter INDATA_ACLR_A set to NONE
        Info (286033): Parameter WRCONTROL_ACLR_A set to NONE
        Info (286033): Parameter READ_DURING_WRITE_MODE_MIXED_PORTS set to OLD_DATA
    Info (276029): Inferred altsyncram megafunction from the following design logic: "ascal:ascal|altsyncram:o_line2[0].r[7]__4" 
        Info (286033): Parameter OPERATION_MODE set to DUAL_PORT
        Info (286033): Parameter WIDTH_A set to 24
        Info (286033): Parameter WIDTHAD_A set to 11
        Info (286033): Parameter NUMWORDS_A set to 2048
        Info (286033): Parameter WIDTH_B set to 24
        Info (286033): Parameter WIDTHAD_B set to 11
        Info (286033): Parameter NUMWORDS_B set to 2048
        Info (286033): Parameter ADDRESS_ACLR_A set to NONE
        Info (286033): Parameter OUTDATA_REG_B set to UNREGISTERED
        Info (286033): Parameter ADDRESS_ACLR_B set to NONE
        Info (286033): Parameter OUTDATA_ACLR_B set to NONE
        Info (286033): Parameter ADDRESS_REG_B set to CLOCK0
        Info (286033): Parameter INDATA_ACLR_A set to NONE
        Info (286033): Parameter WRCONTROL_ACLR_A set to NONE
        Info (286033): Parameter READ_DURING_WRITE_MODE_MIXED_PORTS set to OLD_DATA
    Info (276029): Inferred altsyncram megafunction from the following design logic: "ascal:ascal|altsyncram:o_line3[0].r[7]__5" 
        Info (286033): Parameter OPERATION_MODE set to DUAL_PORT
        Info (286033): Parameter WIDTH_A set to 24
        Info (286033): Parameter WIDTHAD_A set to 11
        Info (286033): Parameter NUMWORDS_A set to 2048
        Info (286033): Parameter WIDTH_B set to 24
        Info (286033): Parameter WIDTHAD_B set to 11
        Info (286033): Parameter NUMWORDS_B set to 2048
        Info (286033): Parameter ADDRESS_ACLR_A set to NONE
        Info (286033): Parameter OUTDATA_REG_B set to UNREGISTERED
        Info (286033): Parameter ADDRESS_ACLR_B set to NONE
        Info (286033): Parameter OUTDATA_ACLR_B set to NONE
        Info (286033): Parameter ADDRESS_REG_B set to CLOCK0
        Info (286033): Parameter INDATA_ACLR_A set to NONE
        Info (286033): Parameter WRCONTROL_ACLR_A set to NONE
        Info (286033): Parameter READ_DURING_WRITE_MODE_MIXED_PORTS set to OLD_DATA
Info (12128): Elaborating entity "altsyncram" for hierarchy "ascal:ascal|altsyncram:i_mem[0].r[7]__1"
Info (12130): Elaborated megafunction instantiation "ascal:ascal|altsyncram:i_mem[0].r[7]__1"
Info (12133): Instantiated megafunction "ascal:ascal|altsyncram:i_mem[0].r[7]__1" with the following parameter:
    Info (12134): Parameter "OPERATION_MODE" = "DUAL_PORT"
    Info (12134): Parameter "WIDTH_A" = "24"
    Info (12134): Parameter "WIDTHAD_A" = "11"
    Info (12134): Parameter "NUMWORDS_A" = "2048"
    Info (12134): Parameter "WIDTH_B" = "24"
    Info (12134): Parameter "WIDTHAD_B" = "11"
    Info (12134): Parameter "NUMWORDS_B" = "2048"
    Info (12134): Parameter "ADDRESS_ACLR_A" = "NONE"
    Info (12134): Parameter "OUTDATA_REG_B" = "UNREGISTERED"
    Info (12134): Parameter "ADDRESS_ACLR_B" = "NONE"
    Info (12134): Parameter "OUTDATA_ACLR_B" = "NONE"
    Info (12134): Parameter "ADDRESS_REG_B" = "CLOCK0"
    Info (12134): Parameter "INDATA_ACLR_A" = "NONE"
    Info (12134): Parameter "WRCONTROL_ACLR_A" = "NONE"
    Info (12134): Parameter "READ_DURING_WRITE_MODE_MIXED_PORTS" = "OLD_DATA"
    Info (12134): Parameter "RDCONTROL_REG_B" = "CLOCK0"
Info (12021): Found 1 design units, including 1 entities, in source file db/altsyncram_89q1.tdf
    Info (12023): Found entity 1: altsyncram_89q1 File: /tmp/h_Arcade-IGSPGM_MiSTer/db/altsyncram_89q1.tdf Line: 28
Info (12128): Elaborating entity "altsyncram_89q1" for hierarchy "ascal:ascal|altsyncram:i_mem[0].r[7]__1|altsyncram_89q1:auto_generated" File: /opt/intelFPGA/17.0/quartus/libraries/megafunctions/altsyncram.tdf Line: 792
Info (12128): Elaborating entity "altsyncram" for hierarchy "ascal:ascal|altsyncram:o_line0[0].r[7]__2"
Info (12130): Elaborated megafunction instantiation "ascal:ascal|altsyncram:o_line0[0].r[7]__2"
Info (12133): Instantiated megafunction "ascal:ascal|altsyncram:o_line0[0].r[7]__2" with the following parameter:
    Info (12134): Parameter "OPERATION_MODE" = "DUAL_PORT"
    Info (12134): Parameter "WIDTH_A" = "24"
    Info (12134): Parameter "WIDTHAD_A" = "11"
    Info (12134): Parameter "NUMWORDS_A" = "2048"
    Info (12134): Parameter "WIDTH_B" = "24"
    Info (12134): Parameter "WIDTHAD_B" = "11"
    Info (12134): Parameter "NUMWORDS_B" = "2048"
    Info (12134): Parameter "ADDRESS_ACLR_A" = "NONE"
    Info (12134): Parameter "OUTDATA_REG_B" = "UNREGISTERED"
    Info (12134): Parameter "ADDRESS_ACLR_B" = "NONE"
    Info (12134): Parameter "OUTDATA_ACLR_B" = "NONE"
    Info (12134): Parameter "ADDRESS_REG_B" = "CLOCK0"
    Info (12134): Parameter "INDATA_ACLR_A" = "NONE"
    Info (12134): Parameter "WRCONTROL_ACLR_A" = "NONE"
    Info (12134): Parameter "READ_DURING_WRITE_MODE_MIXED_PORTS" = "OLD_DATA"
Info (12021): Found 1 design units, including 1 entities, in source file db/altsyncram_ccn1.tdf
    Info (12023): Found entity 1: altsyncram_ccn1 File: /tmp/h_Arcade-IGSPGM_MiSTer/db/altsyncram_ccn1.tdf Line: 28
Info (12128): Elaborating entity "altsyncram_ccn1" for hierarchy "ascal:ascal|altsyncram:o_line0[0].r[7]__2|altsyncram_ccn1:auto_generated" File: /opt/intelFPGA/17.0/quartus/libraries/megafunctions/altsyncram.tdf Line: 792
Info (12128): Elaborating entity "sys_umuldiv" for hierarchy "sys_umuldiv:ar_muldiv" File: /tmp/h_Arcade-IGSPGM_MiSTer/sys/sys_top.v Line: 868
Info (12128): Elaborating entity "sys_umul" for hierarchy "sys_umuldiv:ar_muldiv|sys_umul:umul" File: /tmp/h_Arcade-IGSPGM_MiSTer/sys/math.sv Line: 105
Info (12128): Elaborating entity "sys_udiv" for hierarchy "sys_umuldiv:ar_muldiv|sys_udiv:udiv" File: /tmp/h_Arcade-IGSPGM_MiSTer/sys/math.sv Line: 107
Info (12128): Elaborating entity "pll_hdmi_adj" for hierarchy "pll_hdmi_adj:pll_hdmi_adj" File: /tmp/h_Arcade-IGSPGM_MiSTer/sys/sys_top.v Line: 993
Info (12128): Elaborating entity "pll_hdmi" for hierarchy "pll_hdmi:pll_hdmi" File: /tmp/h_Arcade-IGSPGM_MiSTer/sys/sys_top.v Line: 1027
Info (12128): Elaborating entity "pll_hdmi_0002" for hierarchy "pll_hdmi:pll_hdmi|pll_hdmi_0002:pll_hdmi_inst" File: /tmp/h_Arcade-IGSPGM_MiSTer/sys/pll_hdmi.v Line: 23
Info (12128): Elaborating entity "altera_pll" for hierarchy "pll_hdmi:pll_hdmi|pll_hdmi_0002:pll_hdmi_inst|altera_pll:altera_pll_i" File: /tmp/h_Arcade-IGSPGM_MiSTer/sys/pll_hdmi/pll_hdmi_0002.v Line: 239
Info (10008): Verilog HDL or VHDL information: EDA Netlist Writer cannot regroup multidimensional array "wire_to_nowhere_64" into its bus
Info (12130): Elaborated megafunction instantiation "pll_hdmi:pll_hdmi|pll_hdmi_0002:pll_hdmi_inst|altera_pll:altera_pll_i" File: /tmp/h_Arcade-IGSPGM_MiSTer/sys/pll_hdmi/pll_hdmi_0002.v Line: 239
Info (12133): Instantiated megafunction "pll_hdmi:pll_hdmi|pll_hdmi_0002:pll_hdmi_inst|altera_pll:altera_pll_i" with the following parameter: File: /tmp/h_Arcade-IGSPGM_MiSTer/sys/pll_hdmi/pll_hdmi_0002.v Line: 239
    Info (12134): Parameter "fractional_vco_multiplier" = "true"
    Info (12134): Parameter "reference_clock_frequency" = "50.0 MHz"
    Info (12134): Parameter "pll_fractional_cout" = "32"
    Info (12134): Parameter "pll_dsm_out_sel" = "1st_order"
    Info (12134): Parameter "operation_mode" = "direct"
    Info (12134): Parameter "number_of_clocks" = "1"
    Info (12134): Parameter "output_clock_frequency0" = "148.500000 MHz"
    Info (12134): Parameter "phase_shift0" = "0 ps"
    Info (12134): Parameter "duty_cycle0" = "50"
    Info (12134): Parameter "output_clock_frequency1" = "0 MHz"
    Info (12134): Parameter "phase_shift1" = "0 ps"
    Info (12134): Parameter "duty_cycle1" = "50"
    Info (12134): Parameter "output_clock_frequency2" = "0 MHz"
    Info (12134): Parameter "phase_shift2" = "0 ps"
    Info (12134): Parameter "duty_cycle2" = "50"
    Info (12134): Parameter "output_clock_frequency3" = "0 MHz"
    Info (12134): Parameter "phase_shift3" = "0 ps"
    Info (12134): Parameter "duty_cycle3" = "50"
    Info (12134): Parameter "output_clock_frequency4" = "0 MHz"
    Info (12134): Parameter "phase_shift4" = "0 ps"
    Info (12134): Parameter "duty_cycle4" = "50"
    Info (12134): Parameter "output_clock_frequency5" = "0 MHz"
    Info (12134): Parameter "phase_shift5" = "0 ps"
    Info (12134): Parameter "duty_cycle5" = "50"
    Info (12134): Parameter "output_clock_frequency6" = "0 MHz"
    Info (12134): Parameter "phase_shift6" = "0 ps"
    Info (12134): Parameter "duty_cycle6" = "50"
    Info (12134): Parameter "output_clock_frequency7" = "0 MHz"
    Info (12134): Parameter "phase_shift7" = "0 ps"
    Info (12134): Parameter "duty_cycle7" = "50"
    Info (12134): Parameter "output_clock_frequency8" = "0 MHz"
    Info (12134): Parameter "phase_shift8" = "0 ps"
    Info (12134): Parameter "duty_cycle8" = "50"
    Info (12134): Parameter "output_clock_frequency9" = "0 MHz"
    Info (12134): Parameter "phase_shift9" = "0 ps"
    Info (12134): Parameter "duty_cycle9" = "50"
    Info (12134): Parameter "output_clock_frequency10" = "0 MHz"
    Info (12134): Parameter "phase_shift10" = "0 ps"
    Info (12134): Parameter "duty_cycle10" = "50"
    Info (12134): Parameter "output_clock_frequency11" = "0 MHz"
    Info (12134): Parameter "phase_shift11" = "0 ps"
    Info (12134): Parameter "duty_cycle11" = "50"
    Info (12134): Parameter "output_clock_frequency12" = "0 MHz"
    Info (12134): Parameter "phase_shift12" = "0 ps"
    Info (12134): Parameter "duty_cycle12" = "50"
    Info (12134): Parameter "output_clock_frequency13" = "0 MHz"
    Info (12134): Parameter "phase_shift13" = "0 ps"
    Info (12134): Parameter "duty_cycle13" = "50"
    Info (12134): Parameter "output_clock_frequency14" = "0 MHz"
    Info (12134): Parameter "phase_shift14" = "0 ps"
    Info (12134): Parameter "duty_cycle14" = "50"
    Info (12134): Parameter "output_clock_frequency15" = "0 MHz"
    Info (12134): Parameter "phase_shift15" = "0 ps"
    Info (12134): Parameter "duty_cycle15" = "50"
    Info (12134): Parameter "output_clock_frequency16" = "0 MHz"
    Info (12134): Parameter "phase_shift16" = "0 ps"
    Info (12134): Parameter "duty_cycle16" = "50"
    Info (12134): Parameter "output_clock_frequency17" = "0 MHz"
    Info (12134): Parameter "phase_shift17" = "0 ps"
    Info (12134): Parameter "duty_cycle17" = "50"
    Info (12134): Parameter "pll_type" = "Cyclone V"
    Info (12134): Parameter "pll_subtype" = "Reconfigurable"
    Info (12134): Parameter "m_cnt_hi_div" = "4"
    Info (12134): Parameter "m_cnt_lo_div" = "4"
    Info (12134): Parameter "n_cnt_hi_div" = "256"
    Info (12134): Parameter "n_cnt_lo_div" = "256"
    Info (12134): Parameter "m_cnt_bypass_en" = "false"
    Info (12134): Parameter "n_cnt_bypass_en" = "true"
    Info (12134): Parameter "m_cnt_odd_div_duty_en" = "false"
    Info (12134): Parameter "n_cnt_odd_div_duty_en" = "false"
    Info (12134): Parameter "c_cnt_hi_div0" = "2"
    Info (12134): Parameter "c_cnt_lo_div0" = "1"
    Info (12134): Parameter "c_cnt_prst0" = "1"
    Info (12134): Parameter "c_cnt_ph_mux_prst0" = "0"
    Info (12134): Parameter "c_cnt_in_src0" = "ph_mux_clk"
    Info (12134): Parameter "c_cnt_bypass_en0" = "false"
    Info (12134): Parameter "c_cnt_odd_div_duty_en0" = "true"
    Info (12134): Parameter "c_cnt_hi_div1" = "1"
    Info (12134): Parameter "c_cnt_lo_div1" = "1"
    Info (12134): Parameter "c_cnt_prst1" = "1"
    Info (12134): Parameter "c_cnt_ph_mux_prst1" = "0"
    Info (12134): Parameter "c_cnt_in_src1" = "ph_mux_clk"
    Info (12134): Parameter "c_cnt_bypass_en1" = "true"
    Info (12134): Parameter "c_cnt_odd_div_duty_en1" = "false"
    Info (12134): Parameter "c_cnt_hi_div2" = "1"
    Info (12134): Parameter "c_cnt_lo_div2" = "1"
    Info (12134): Parameter "c_cnt_prst2" = "1"
    Info (12134): Parameter "c_cnt_ph_mux_prst2" = "0"
    Info (12134): Parameter "c_cnt_in_src2" = "ph_mux_clk"
    Info (12134): Parameter "c_cnt_bypass_en2" = "true"
    Info (12134): Parameter "c_cnt_odd_div_duty_en2" = "false"
    Info (12134): Parameter "c_cnt_hi_div3" = "1"
    Info (12134): Parameter "c_cnt_lo_div3" = "1"
    Info (12134): Parameter "c_cnt_prst3" = "1"
    Info (12134): Parameter "c_cnt_ph_mux_prst3" = "0"
    Info (12134): Parameter "c_cnt_in_src3" = "ph_mux_clk"
    Info (12134): Parameter "c_cnt_bypass_en3" = "true"
    Info (12134): Parameter "c_cnt_odd_div_duty_en3" = "false"
    Info (12134): Parameter "c_cnt_hi_div4" = "1"
    Info (12134): Parameter "c_cnt_lo_div4" = "1"
    Info (12134): Parameter "c_cnt_prst4" = "1"
    Info (12134): Parameter "c_cnt_ph_mux_prst4" = "0"
    Info (12134): Parameter "c_cnt_in_src4" = "ph_mux_clk"
    Info (12134): Parameter "c_cnt_bypass_en4" = "true"
    Info (12134): Parameter "c_cnt_odd_div_duty_en4" = "false"
    Info (12134): Parameter "c_cnt_hi_div5" = "1"
    Info (12134): Parameter "c_cnt_lo_div5" = "1"
    Info (12134): Parameter "c_cnt_prst5" = "1"
    Info (12134): Parameter "c_cnt_ph_mux_prst5" = "0"
    Info (12134): Parameter "c_cnt_in_src5" = "ph_mux_clk"
    Info (12134): Parameter "c_cnt_bypass_en5" = "true"
    Info (12134): Parameter "c_cnt_odd_div_duty_en5" = "false"
    Info (12134): Parameter "c_cnt_hi_div6" = "1"
    Info (12134): Parameter "c_cnt_lo_div6" = "1"
    Info (12134): Parameter "c_cnt_prst6" = "1"
    Info (12134): Parameter "c_cnt_ph_mux_prst6" = "0"
    Info (12134): Parameter "c_cnt_in_src6" = "ph_mux_clk"
    Info (12134): Parameter "c_cnt_bypass_en6" = "true"
    Info (12134): Parameter "c_cnt_odd_div_duty_en6" = "false"
    Info (12134): Parameter "c_cnt_hi_div7" = "1"
    Info (12134): Parameter "c_cnt_lo_div7" = "1"
    Info (12134): Parameter "c_cnt_prst7" = "1"
    Info (12134): Parameter "c_cnt_ph_mux_prst7" = "0"
    Info (12134): Parameter "c_cnt_in_src7" = "ph_mux_clk"
    Info (12134): Parameter "c_cnt_bypass_en7" = "true"
    Info (12134): Parameter "c_cnt_odd_div_duty_en7" = "false"
    Info (12134): Parameter "c_cnt_hi_div8" = "1"
    Info (12134): Parameter "c_cnt_lo_div8" = "1"
    Info (12134): Parameter "c_cnt_prst8" = "1"
    Info (12134): Parameter "c_cnt_ph_mux_prst8" = "0"
    Info (12134): Parameter "c_cnt_in_src8" = "ph_mux_clk"
    Info (12134): Parameter "c_cnt_bypass_en8" = "true"
    Info (12134): Parameter "c_cnt_odd_div_duty_en8" = "false"
    Info (12134): Parameter "c_cnt_hi_div9" = "1"
    Info (12134): Parameter "c_cnt_lo_div9" = "1"
    Info (12134): Parameter "c_cnt_prst9" = "1"
    Info (12134): Parameter "c_cnt_ph_mux_prst9" = "0"
    Info (12134): Parameter "c_cnt_in_src9" = "ph_mux_clk"
    Info (12134): Parameter "c_cnt_bypass_en9" = "true"
    Info (12134): Parameter "c_cnt_odd_div_duty_en9" = "false"
    Info (12134): Parameter "c_cnt_hi_div10" = "1"
    Info (12134): Parameter "c_cnt_lo_div10" = "1"
    Info (12134): Parameter "c_cnt_prst10" = "1"
    Info (12134): Parameter "c_cnt_ph_mux_prst10" = "0"
    Info (12134): Parameter "c_cnt_in_src10" = "ph_mux_clk"
    Info (12134): Parameter "c_cnt_bypass_en10" = "true"
    Info (12134): Parameter "c_cnt_odd_div_duty_en10" = "false"
    Info (12134): Parameter "c_cnt_hi_div11" = "1"
    Info (12134): Parameter "c_cnt_lo_div11" = "1"
    Info (12134): Parameter "c_cnt_prst11" = "1"
    Info (12134): Parameter "c_cnt_ph_mux_prst11" = "0"
    Info (12134): Parameter "c_cnt_in_src11" = "ph_mux_clk"
    Info (12134): Parameter "c_cnt_bypass_en11" = "true"
    Info (12134): Parameter "c_cnt_odd_div_duty_en11" = "false"
    Info (12134): Parameter "c_cnt_hi_div12" = "1"
    Info (12134): Parameter "c_cnt_lo_div12" = "1"
    Info (12134): Parameter "c_cnt_prst12" = "1"
    Info (12134): Parameter "c_cnt_ph_mux_prst12" = "0"
    Info (12134): Parameter "c_cnt_in_src12" = "ph_mux_clk"
    Info (12134): Parameter "c_cnt_bypass_en12" = "true"
    Info (12134): Parameter "c_cnt_odd_div_duty_en12" = "false"
    Info (12134): Parameter "c_cnt_hi_div13" = "1"
    Info (12134): Parameter "c_cnt_lo_div13" = "1"
    Info (12134): Parameter "c_cnt_prst13" = "1"
    Info (12134): Parameter "c_cnt_ph_mux_prst13" = "0"
    Info (12134): Parameter "c_cnt_in_src13" = "ph_mux_clk"
    Info (12134): Parameter "c_cnt_bypass_en13" = "true"
    Info (12134): Parameter "c_cnt_odd_div_duty_en13" = "false"
    Info (12134): Parameter "c_cnt_hi_div14" = "1"
    Info (12134): Parameter "c_cnt_lo_div14" = "1"
    Info (12134): Parameter "c_cnt_prst14" = "1"
    Info (12134): Parameter "c_cnt_ph_mux_prst14" = "0"
    Info (12134): Parameter "c_cnt_in_src14" = "ph_mux_clk"
    Info (12134): Parameter "c_cnt_bypass_en14" = "true"
    Info (12134): Parameter "c_cnt_odd_div_duty_en14" = "false"
    Info (12134): Parameter "c_cnt_hi_div15" = "1"
    Info (12134): Parameter "c_cnt_lo_div15" = "1"
    Info (12134): Parameter "c_cnt_prst15" = "1"
    Info (12134): Parameter "c_cnt_ph_mux_prst15" = "0"
    Info (12134): Parameter "c_cnt_in_src15" = "ph_mux_clk"
    Info (12134): Parameter "c_cnt_bypass_en15" = "true"
    Info (12134): Parameter "c_cnt_odd_div_duty_en15" = "false"
    Info (12134): Parameter "c_cnt_hi_div16" = "1"
    Info (12134): Parameter "c_cnt_lo_div16" = "1"
    Info (12134): Parameter "c_cnt_prst16" = "1"
    Info (12134): Parameter "c_cnt_ph_mux_prst16" = "0"
    Info (12134): Parameter "c_cnt_in_src16" = "ph_mux_clk"
    Info (12134): Parameter "c_cnt_bypass_en16" = "true"
    Info (12134): Parameter "c_cnt_odd_div_duty_en16" = "false"
    Info (12134): Parameter "c_cnt_hi_div17" = "1"
    Info (12134): Parameter "c_cnt_lo_div17" = "1"
    Info (12134): Parameter "c_cnt_prst17" = "1"
    Info (12134): Parameter "c_cnt_ph_mux_prst17" = "0"
    Info (12134): Parameter "c_cnt_in_src17" = "ph_mux_clk"
    Info (12134): Parameter "c_cnt_bypass_en17" = "true"
    Info (12134): Parameter "c_cnt_odd_div_duty_en17" = "false"
    Info (12134): Parameter "pll_vco_div" = "2"
    Info (12134): Parameter "pll_cp_current" = "20"
    Info (12134): Parameter "pll_bwctrl" = "4000"
    Info (12134): Parameter "pll_output_clk_frequency" = "445.499999 MHz"
    Info (12134): Parameter "pll_fractional_division" = "3908420153"
    Info (12134): Parameter "mimic_fbclk_type" = "none"
    Info (12134): Parameter "pll_fbclk_mux_1" = "glb"
    Info (12134): Parameter "pll_fbclk_mux_2" = "m_cnt"
    Info (12134): Parameter "pll_m_cnt_in_src" = "ph_mux_clk"
    Info (12134): Parameter "pll_slf_rst" = "true"
Info (12128): Elaborating entity "dps_extra_kick" for hierarchy "pll_hdmi:pll_hdmi|pll_hdmi_0002:pll_hdmi_inst|altera_pll:altera_pll_i|dps_extra_kick:dps_extra_inst" File: /opt/intelFPGA/17.0/quartus/libraries/megafunctions/altera_pll.v Line: 769
Info (12131): Elaborated megafunction instantiation "pll_hdmi:pll_hdmi|pll_hdmi_0002:pll_hdmi_inst|altera_pll:altera_pll_i|dps_extra_kick:dps_extra_inst", which is child of megafunction instantiation "pll_hdmi:pll_hdmi|pll_hdmi_0002:pll_hdmi_inst|altera_pll:altera_pll_i" File: /opt/intelFPGA/17.0/quartus/libraries/megafunctions/altera_pll.v Line: 769
Info (12128): Elaborating entity "dprio_init" for hierarchy "pll_hdmi:pll_hdmi|pll_hdmi_0002:pll_hdmi_inst|altera_pll:altera_pll_i|dprio_init:dprio_init_inst" File: /opt/intelFPGA/17.0/quartus/libraries/megafunctions/altera_pll.v Line: 784
Info (12131): Elaborated megafunction instantiation "pll_hdmi:pll_hdmi|pll_hdmi_0002:pll_hdmi_inst|altera_pll:altera_pll_i|dprio_init:dprio_init_inst", which is child of megafunction instantiation "pll_hdmi:pll_hdmi|pll_hdmi_0002:pll_hdmi_inst|altera_pll:altera_pll_i" File: /opt/intelFPGA/17.0/quartus/libraries/megafunctions/altera_pll.v Line: 784
Info (12128): Elaborating entity "altera_pll_dps_lcell_comb" for hierarchy "pll_hdmi:pll_hdmi|pll_hdmi_0002:pll_hdmi_inst|altera_pll:altera_pll_i|altera_pll_dps_lcell_comb:lcell_cntsel_int_0" File: /opt/intelFPGA/17.0/quartus/libraries/megafunctions/altera_pll.v Line: 1961
Info (12131): Elaborated megafunction instantiation "pll_hdmi:pll_hdmi|pll_hdmi_0002:pll_hdmi_inst|altera_pll:altera_pll_i|altera_pll_dps_lcell_comb:lcell_cntsel_int_0", which is child of megafunction instantiation "pll_hdmi:pll_hdmi|pll_hdmi_0002:pll_hdmi_inst|altera_pll:altera_pll_i" File: /opt/intelFPGA/17.0/quartus/libraries/megafunctions/altera_pll.v Line: 1961
Info (12128): Elaborating entity "altera_pll_dps_lcell_comb" for hierarchy "pll_hdmi:pll_hdmi|pll_hdmi_0002:pll_hdmi_inst|altera_pll:altera_pll_i|altera_pll_dps_lcell_comb:lcell_cntsel_int_1" File: /opt/intelFPGA/17.0/quartus/libraries/megafunctions/altera_pll.v Line: 1972
Info (12131): Elaborated megafunction instantiation "pll_hdmi:pll_hdmi|pll_hdmi_0002:pll_hdmi_inst|altera_pll:altera_pll_i|altera_pll_dps_lcell_comb:lcell_cntsel_int_1", which is child of megafunction instantiation "pll_hdmi:pll_hdmi|pll_hdmi_0002:pll_hdmi_inst|altera_pll:altera_pll_i" File: /opt/intelFPGA/17.0/quartus/libraries/megafunctions/altera_pll.v Line: 1972
Info (12128): Elaborating entity "altera_pll_dps_lcell_comb" for hierarchy "pll_hdmi:pll_hdmi|pll_hdmi_0002:pll_hdmi_inst|altera_pll:altera_pll_i|altera_pll_dps_lcell_comb:lcell_cntsel_int_2" File: /opt/intelFPGA/17.0/quartus/libraries/megafunctions/altera_pll.v Line: 1983
Info (12131): Elaborated megafunction instantiation "pll_hdmi:pll_hdmi|pll_hdmi_0002:pll_hdmi_inst|altera_pll:altera_pll_i|altera_pll_dps_lcell_comb:lcell_cntsel_int_2", which is child of megafunction instantiation "pll_hdmi:pll_hdmi|pll_hdmi_0002:pll_hdmi_inst|altera_pll:altera_pll_i" File: /opt/intelFPGA/17.0/quartus/libraries/megafunctions/altera_pll.v Line: 1983
Info (12128): Elaborating entity "altera_pll_dps_lcell_comb" for hierarchy "pll_hdmi:pll_hdmi|pll_hdmi_0002:pll_hdmi_inst|altera_pll:altera_pll_i|altera_pll_dps_lcell_comb:lcell_cntsel_int_3" File: /opt/intelFPGA/17.0/quartus/libraries/megafunctions/altera_pll.v Line: 1994
Info (12131): Elaborated megafunction instantiation "pll_hdmi:pll_hdmi|pll_hdmi_0002:pll_hdmi_inst|altera_pll:altera_pll_i|altera_pll_dps_lcell_comb:lcell_cntsel_int_3", which is child of megafunction instantiation "pll_hdmi:pll_hdmi|pll_hdmi_0002:pll_hdmi_inst|altera_pll:altera_pll_i" File: /opt/intelFPGA/17.0/quartus/libraries/megafunctions/altera_pll.v Line: 1994
Info (12128): Elaborating entity "altera_pll_dps_lcell_comb" for hierarchy "pll_hdmi:pll_hdmi|pll_hdmi_0002:pll_hdmi_inst|altera_pll:altera_pll_i|altera_pll_dps_lcell_comb:lcell_cntsel_int_4" File: /opt/intelFPGA/17.0/quartus/libraries/megafunctions/altera_pll.v Line: 2005
Info (12131): Elaborated megafunction instantiation "pll_hdmi:pll_hdmi|pll_hdmi_0002:pll_hdmi_inst|altera_pll:altera_pll_i|altera_pll_dps_lcell_comb:lcell_cntsel_int_4", which is child of megafunction instantiation "pll_hdmi:pll_hdmi|pll_hdmi_0002:pll_hdmi_inst|altera_pll:altera_pll_i" File: /opt/intelFPGA/17.0/quartus/libraries/megafunctions/altera_pll.v Line: 2005
Info (12128): Elaborating entity "pll_cfg_hdmi" for hierarchy "pll_cfg_hdmi:pll_cfg_hdmi" File: /tmp/h_Arcade-IGSPGM_MiSTer/sys/sys_top.v Line: 1062
Info (12128): Elaborating entity "altera_std_synchronizer" for hierarchy "pll_cfg_hdmi:pll_cfg_hdmi|altera_std_synchronizer:altera_std_synchronizer_inst" File: /tmp/h_Arcade-IGSPGM_MiSTer/sys/pll_cfg/pll_cfg_hdmi.v Line: 271
Info (12130): Elaborated megafunction instantiation "pll_cfg_hdmi:pll_cfg_hdmi|altera_std_synchronizer:altera_std_synchronizer_inst" File: /tmp/h_Arcade-IGSPGM_MiSTer/sys/pll_cfg/pll_cfg_hdmi.v Line: 271
Info (12133): Instantiated megafunction "pll_cfg_hdmi:pll_cfg_hdmi|altera_std_synchronizer:altera_std_synchronizer_inst" with the following parameter: File: /tmp/h_Arcade-IGSPGM_MiSTer/sys/pll_cfg/pll_cfg_hdmi.v Line: 271
    Info (12134): Parameter "depth" = "3"
Info (12128): Elaborating entity "dyn_phase_shift" for hierarchy "pll_cfg_hdmi:pll_cfg_hdmi|dyn_phase_shift:dyn_phase_shift_inst" File: /tmp/h_Arcade-IGSPGM_MiSTer/sys/pll_cfg/pll_cfg_hdmi.v Line: 1169
Info (12128): Elaborating entity "generic_lcell_comb" for hierarchy "pll_cfg_hdmi:pll_cfg_hdmi|dyn_phase_shift:dyn_phase_shift_inst|generic_lcell_comb:lcell_cnt_sel_0" File: /tmp/h_Arcade-IGSPGM_MiSTer/sys/pll_cfg/altera_pll_reconfig_core.v Line: 2060
Info (12128): Elaborating entity "generic_lcell_comb" for hierarchy "pll_cfg_hdmi:pll_cfg_hdmi|dyn_phase_shift:dyn_phase_shift_inst|generic_lcell_comb:lcell_cnt_sel_1" File: /tmp/h_Arcade-IGSPGM_MiSTer/sys/pll_cfg/altera_pll_reconfig_core.v Line: 2071
Info (12128): Elaborating entity "generic_lcell_comb" for hierarchy "pll_cfg_hdmi:pll_cfg_hdmi|dyn_phase_shift:dyn_phase_shift_inst|generic_lcell_comb:lcell_cnt_sel_2" File: /tmp/h_Arcade-IGSPGM_MiSTer/sys/pll_cfg/altera_pll_reconfig_core.v Line: 2082
Info (12128): Elaborating entity "generic_lcell_comb" for hierarchy "pll_cfg_hdmi:pll_cfg_hdmi|dyn_phase_shift:dyn_phase_shift_inst|generic_lcell_comb:lcell_cnt_sel_3" File: /tmp/h_Arcade-IGSPGM_MiSTer/sys/pll_cfg/altera_pll_reconfig_core.v Line: 2093
Info (12128): Elaborating entity "generic_lcell_comb" for hierarchy "pll_cfg_hdmi:pll_cfg_hdmi|dyn_phase_shift:dyn_phase_shift_inst|generic_lcell_comb:lcell_cnt_sel_4" File: /tmp/h_Arcade-IGSPGM_MiSTer/sys/pll_cfg/altera_pll_reconfig_core.v Line: 2104
Info (12128): Elaborating entity "self_reset" for hierarchy "pll_cfg_hdmi:pll_cfg_hdmi|self_reset:self_reset_inst" File: /tmp/h_Arcade-IGSPGM_MiSTer/sys/pll_cfg/pll_cfg_hdmi.v Line: 1173
Info (12128): Elaborating entity "dprio_mux" for hierarchy "pll_cfg_hdmi:pll_cfg_hdmi|dprio_mux:dprio_mux_inst" File: /tmp/h_Arcade-IGSPGM_MiSTer/sys/pll_cfg/pll_cfg_hdmi.v Line: 1211
Info (12128): Elaborating entity "fpll_dprio_init" for hierarchy "pll_cfg_hdmi:pll_cfg_hdmi|fpll_dprio_init:fpll_dprio_init_inst" File: /tmp/h_Arcade-IGSPGM_MiSTer/sys/pll_cfg/pll_cfg_hdmi.v Line: 1230
Info (12128): Elaborating entity "shadowmask" for hierarchy "shadowmask:HDMI_shadowmask" File: /tmp/h_Arcade-IGSPGM_MiSTer/sys/sys_top.v Line: 1156
Info (12128): Elaborating entity "osd" for hierarchy "osd:hdmi_osd" File: /tmp/h_Arcade-IGSPGM_MiSTer/sys/sys_top.v Line: 1179
Info (12128): Elaborating entity "csync" for hierarchy "csync:csync_hdmi" File: /tmp/h_Arcade-IGSPGM_MiSTer/sys/sys_top.v Line: 1182
Info (12128): Elaborating entity "altddio_out" for hierarchy "altddio_out:hdmiclk_ddr" File: /tmp/h_Arcade-IGSPGM_MiSTer/sys/sys_top.v Line: 1275
Info (12130): Elaborated megafunction instantiation "altddio_out:hdmiclk_ddr" File: /tmp/h_Arcade-IGSPGM_MiSTer/sys/sys_top.v Line: 1275
Info (12133): Instantiated megafunction "altddio_out:hdmiclk_ddr" with the following parameter: File: /tmp/h_Arcade-IGSPGM_MiSTer/sys/sys_top.v Line: 1275
    Info (12134): Parameter "extend_oe_disable" = "OFF"
    Info (12134): Parameter "intended_device_family" = "Cyclone V"
    Info (12134): Parameter "invert_output" = "OFF"
    Info (12134): Parameter "lpm_hint" = "UNUSED"
    Info (12134): Parameter "lpm_type" = "altddio_out"
    Info (12134): Parameter "oe_reg" = "UNREGISTERED"
    Info (12134): Parameter "power_up_high" = "OFF"
    Info (12134): Parameter "width" = "1"
Info (12021): Found 1 design units, including 1 entities, in source file db/ddio_out_b2j.tdf
    Info (12023): Found entity 1: ddio_out_b2j File: /tmp/h_Arcade-IGSPGM_MiSTer/db/ddio_out_b2j.tdf Line: 28
Info (12128): Elaborating entity "ddio_out_b2j" for hierarchy "altddio_out:hdmiclk_ddr|ddio_out_b2j:auto_generated" File: /opt/intelFPGA/17.0/quartus/libraries/megafunctions/altddio_out.tdf Line: 101
Info (12128): Elaborating entity "altddio_out" for hierarchy "altddio_out:vgaclk_ddr" File: /tmp/h_Arcade-IGSPGM_MiSTer/sys/sys_top.v Line: 1356
Info (12130): Elaborated megafunction instantiation "altddio_out:vgaclk_ddr" File: /tmp/h_Arcade-IGSPGM_MiSTer/sys/sys_top.v Line: 1356
Info (12133): Instantiated megafunction "altddio_out:vgaclk_ddr" with the following parameter: File: /tmp/h_Arcade-IGSPGM_MiSTer/sys/sys_top.v Line: 1356
    Info (12134): Parameter "extend_oe_disable" = "OFF"
    Info (12134): Parameter "intended_device_family" = "Cyclone V"
    Info (12134): Parameter "invert_output" = "OFF"
    Info (12134): Parameter "lpm_hint" = "UNUSED"
    Info (12134): Parameter "lpm_type" = "altddio_out"
    Info (12134): Parameter "oe_reg" = "UNREGISTERED"
    Info (12134): Parameter "power_up_high" = "OFF"
    Info (12134): Parameter "width" = "1"
Info (12021): Found 1 design units, including 1 entities, in source file db/ddio_out_1oj.tdf
    Info (12023): Found entity 1: ddio_out_1oj File: /tmp/h_Arcade-IGSPGM_MiSTer/db/ddio_out_1oj.tdf Line: 30
Info (12128): Elaborating entity "ddio_out_1oj" for hierarchy "altddio_out:vgaclk_ddr|ddio_out_1oj:auto_generated" File: /opt/intelFPGA/17.0/quartus/libraries/megafunctions/altddio_out.tdf Line: 101
Info (12128): Elaborating entity "scanlines" for hierarchy "scanlines:VGA_scanlines" File: /tmp/h_Arcade-IGSPGM_MiSTer/sys/sys_top.v Line: 1377
Info (12128): Elaborating entity "yc_out" for hierarchy "yc_out:yc_out" File: /tmp/h_Arcade-IGSPGM_MiSTer/sys/sys_top.v Line: 1431
Info (12128): Elaborating entity "vga_out" for hierarchy "vga_out:vga_scaler_out" File: /tmp/h_Arcade-IGSPGM_MiSTer/sys/sys_top.v Line: 1453
Info (12128): Elaborating entity "pll_audio" for hierarchy "pll_audio:pll_audio" File: /tmp/h_Arcade-IGSPGM_MiSTer/sys/sys_top.v Line: 1548
Info (12128): Elaborating entity "pll_audio_0002" for hierarchy "pll_audio:pll_audio|pll_audio_0002:pll_audio_inst" File: /tmp/h_Arcade-IGSPGM_MiSTer/sys/pll_audio.v Line: 19
Info (12128): Elaborating entity "altera_pll" for hierarchy "pll_audio:pll_audio|pll_audio_0002:pll_audio_inst|altera_pll:altera_pll_i" File: /tmp/h_Arcade-IGSPGM_MiSTer/sys/pll_audio/pll_audio_0002.v Line: 85
Info (10008): Verilog HDL or VHDL information: EDA Netlist Writer cannot regroup multidimensional array "wire_to_nowhere_64" into its bus
Info (12130): Elaborated megafunction instantiation "pll_audio:pll_audio|pll_audio_0002:pll_audio_inst|altera_pll:altera_pll_i" File: /tmp/h_Arcade-IGSPGM_MiSTer/sys/pll_audio/pll_audio_0002.v Line: 85
Info (12133): Instantiated megafunction "pll_audio:pll_audio|pll_audio_0002:pll_audio_inst|altera_pll:altera_pll_i" with the following parameter: File: /tmp/h_Arcade-IGSPGM_MiSTer/sys/pll_audio/pll_audio_0002.v Line: 85
    Info (12134): Parameter "fractional_vco_multiplier" = "true"
    Info (12134): Parameter "reference_clock_frequency" = "50.0 MHz"
    Info (12134): Parameter "operation_mode" = "direct"
    Info (12134): Parameter "number_of_clocks" = "1"
    Info (12134): Parameter "output_clock_frequency0" = "24.576000 MHz"
    Info (12134): Parameter "phase_shift0" = "0 ps"
    Info (12134): Parameter "duty_cycle0" = "50"
    Info (12134): Parameter "output_clock_frequency1" = "0 MHz"
    Info (12134): Parameter "phase_shift1" = "0 ps"
    Info (12134): Parameter "duty_cycle1" = "50"
    Info (12134): Parameter "output_clock_frequency2" = "0 MHz"
    Info (12134): Parameter "phase_shift2" = "0 ps"
    Info (12134): Parameter "duty_cycle2" = "50"
    Info (12134): Parameter "output_clock_frequency3" = "0 MHz"
    Info (12134): Parameter "phase_shift3" = "0 ps"
    Info (12134): Parameter "duty_cycle3" = "50"
    Info (12134): Parameter "output_clock_frequency4" = "0 MHz"
    Info (12134): Parameter "phase_shift4" = "0 ps"
    Info (12134): Parameter "duty_cycle4" = "50"
    Info (12134): Parameter "output_clock_frequency5" = "0 MHz"
    Info (12134): Parameter "phase_shift5" = "0 ps"
    Info (12134): Parameter "duty_cycle5" = "50"
    Info (12134): Parameter "output_clock_frequency6" = "0 MHz"
    Info (12134): Parameter "phase_shift6" = "0 ps"
    Info (12134): Parameter "duty_cycle6" = "50"
    Info (12134): Parameter "output_clock_frequency7" = "0 MHz"
    Info (12134): Parameter "phase_shift7" = "0 ps"
    Info (12134): Parameter "duty_cycle7" = "50"
    Info (12134): Parameter "output_clock_frequency8" = "0 MHz"
    Info (12134): Parameter "phase_shift8" = "0 ps"
    Info (12134): Parameter "duty_cycle8" = "50"
    Info (12134): Parameter "output_clock_frequency9" = "0 MHz"
    Info (12134): Parameter "phase_shift9" = "0 ps"
    Info (12134): Parameter "duty_cycle9" = "50"
    Info (12134): Parameter "output_clock_frequency10" = "0 MHz"
    Info (12134): Parameter "phase_shift10" = "0 ps"
    Info (12134): Parameter "duty_cycle10" = "50"
    Info (12134): Parameter "output_clock_frequency11" = "0 MHz"
    Info (12134): Parameter "phase_shift11" = "0 ps"
    Info (12134): Parameter "duty_cycle11" = "50"
    Info (12134): Parameter "output_clock_frequency12" = "0 MHz"
    Info (12134): Parameter "phase_shift12" = "0 ps"
    Info (12134): Parameter "duty_cycle12" = "50"
    Info (12134): Parameter "output_clock_frequency13" = "0 MHz"
    Info (12134): Parameter "phase_shift13" = "0 ps"
    Info (12134): Parameter "duty_cycle13" = "50"
    Info (12134): Parameter "output_clock_frequency14" = "0 MHz"
    Info (12134): Parameter "phase_shift14" = "0 ps"
    Info (12134): Parameter "duty_cycle14" = "50"
    Info (12134): Parameter "output_clock_frequency15" = "0 MHz"
    Info (12134): Parameter "phase_shift15" = "0 ps"
    Info (12134): Parameter "duty_cycle15" = "50"
    Info (12134): Parameter "output_clock_frequency16" = "0 MHz"
    Info (12134): Parameter "phase_shift16" = "0 ps"
    Info (12134): Parameter "duty_cycle16" = "50"
    Info (12134): Parameter "output_clock_frequency17" = "0 MHz"
    Info (12134): Parameter "phase_shift17" = "0 ps"
    Info (12134): Parameter "duty_cycle17" = "50"
    Info (12134): Parameter "pll_type" = "General"
    Info (12134): Parameter "pll_subtype" = "General"
Info (12128): Elaborating entity "audio_out" for hierarchy "audio_out:audio_out" File: /tmp/h_Arcade-IGSPGM_MiSTer/sys/sys_top.v Line: 1586
Info (12128): Elaborating entity "i2s" for hierarchy "audio_out:audio_out|i2s:i2s" File: /tmp/h_Arcade-IGSPGM_MiSTer/sys/audio_out.v Line: 88
Info (12128): Elaborating entity "spdif" for hierarchy "audio_out:audio_out|spdif:toslink" File: /tmp/h_Arcade-IGSPGM_MiSTer/sys/audio_out.v Line: 99
Info (12128): Elaborating entity "sigma_delta_dac" for hierarchy "audio_out:audio_out|sigma_delta_dac:sd_l" File: /tmp/h_Arcade-IGSPGM_MiSTer/sys/audio_out.v Line: 107
Info (12128): Elaborating entity "IIR_filter" for hierarchy "audio_out:audio_out|IIR_filter:IIR_filter" File: /tmp/h_Arcade-IGSPGM_MiSTer/sys/audio_out.v Line: 200
Info (12128): Elaborating entity "iir_filter_tap" for hierarchy "audio_out:audio_out|IIR_filter:IIR_filter|iir_filter_tap:iir_tap_0" File: /tmp/h_Arcade-IGSPGM_MiSTer/sys/iir_filter.v Line: 84
Info (12128): Elaborating entity "DC_blocker" for hierarchy "audio_out:audio_out|DC_blocker:dcb_l" File: /tmp/h_Arcade-IGSPGM_MiSTer/sys/audio_out.v Line: 211
Info (12128): Elaborating entity "aud_mix_top" for hierarchy "audio_out:audio_out|aud_mix_top:audmix_l" File: /tmp/h_Arcade-IGSPGM_MiSTer/sys/audio_out.v Line: 238
Info (12128): Elaborating entity "alsa" for hierarchy "alsa:alsa" File: /tmp/h_Arcade-IGSPGM_MiSTer/sys/sys_top.v Line: 1626
Info (12128): Elaborating entity "sync_fix" for hierarchy "sync_fix:sync_v" File: /tmp/h_Arcade-IGSPGM_MiSTer/sys/sys_top.v Line: 1681
Info (12128): Elaborating entity "emu" for hierarchy "emu:emu" File: /tmp/h_Arcade-IGSPGM_MiSTer/sys/sys_top.v Line: 1861
Warning (10036): Verilog HDL or VHDL warning at Arcade-IGSPGM.sv(219): object "joy_any_en" assigned a value but never read File: /tmp/h_Arcade-IGSPGM_MiSTer/Arcade-IGSPGM.sv Line: 219
Warning (10036): Verilog HDL or VHDL warning at Arcade-IGSPGM.sv(222): object "JOY_FLAG" assigned a value but never read File: /tmp/h_Arcade-IGSPGM_MiSTer/Arcade-IGSPGM.sv Line: 222
Warning (10036): Verilog HDL or VHDL warning at Arcade-IGSPGM.sv(779): object "DDRAM_ADDR_32" assigned a value but never read File: /tmp/h_Arcade-IGSPGM_MiSTer/Arcade-IGSPGM.sv Line: 779
Warning (10230): Verilog HDL assignment warning at Arcade-IGSPGM.sv(566): truncated value with size 32 to match size of target (1) File: /tmp/h_Arcade-IGSPGM_MiSTer/Arcade-IGSPGM.sv Line: 566
Warning (10030): Net "mame_p1[13]" at Arcade-IGSPGM.sv(379) has no driver or initial value, using a default initial value '0' File: /tmp/h_Arcade-IGSPGM_MiSTer/Arcade-IGSPGM.sv Line: 379
Warning (10030): Net "mame_p1[9..8]" at Arcade-IGSPGM.sv(379) has no driver or initial value, using a default initial value '0' File: /tmp/h_Arcade-IGSPGM_MiSTer/Arcade-IGSPGM.sv Line: 379
Warning (10030): Net "mame_p2[13]" at Arcade-IGSPGM.sv(379) has no driver or initial value, using a default initial value '0' File: /tmp/h_Arcade-IGSPGM_MiSTer/Arcade-IGSPGM.sv Line: 379
Warning (10030): Net "mame_p2[9..8]" at Arcade-IGSPGM.sv(379) has no driver or initial value, using a default initial value '0' File: /tmp/h_Arcade-IGSPGM_MiSTer/Arcade-IGSPGM.sv Line: 379
Warning (10030): Net "mame_p3[13]" at Arcade-IGSPGM.sv(379) has no driver or initial value, using a default initial value '0' File: /tmp/h_Arcade-IGSPGM_MiSTer/Arcade-IGSPGM.sv Line: 379
Warning (10030): Net "mame_p3[9..8]" at Arcade-IGSPGM.sv(379) has no driver or initial value, using a default initial value '0' File: /tmp/h_Arcade-IGSPGM_MiSTer/Arcade-IGSPGM.sv Line: 379
Warning (10030): Net "mame_p4[13]" at Arcade-IGSPGM.sv(379) has no driver or initial value, using a default initial value '0' File: /tmp/h_Arcade-IGSPGM_MiSTer/Arcade-IGSPGM.sv Line: 379
Warning (10030): Net "mame_p4[9..8]" at Arcade-IGSPGM.sv(379) has no driver or initial value, using a default initial value '0' File: /tmp/h_Arcade-IGSPGM_MiSTer/Arcade-IGSPGM.sv Line: 379
Warning (10034): Output port "FB_FORCE_BLANK" at Arcade-IGSPGM.sv(75) has no driver File: /tmp/h_Arcade-IGSPGM_MiSTer/Arcade-IGSPGM.sv Line: 75
Warning (10034): Output port "LED_USER" at Arcade-IGSPGM.sv(88) has no driver File: /tmp/h_Arcade-IGSPGM_MiSTer/Arcade-IGSPGM.sv Line: 88
Info (12128): Elaborating entity "joydb" for hierarchy "emu:emu|joydb:joydb" File: /tmp/h_Arcade-IGSPGM_MiSTer/Arcade-IGSPGM.sv Line: 267
Info (12128): Elaborating entity "joy_db9md" for hierarchy "emu:emu|joydb:joydb|joy_db9md:joy_db9md_i" File: /tmp/h_Arcade-IGSPGM_MiSTer/sys/joydb.sv Line: 158
Warning (10036): Verilog HDL or VHDL warning at joydb9md.v(42): object "joySEL" assigned a value but never read File: /tmp/h_Arcade-IGSPGM_MiSTer/sys/joydb9md.v Line: 42
Warning (10230): Verilog HDL assignment warning at joydb9md.v(145): truncated value with size 5 to match size of target (4) File: /tmp/h_Arcade-IGSPGM_MiSTer/sys/joydb9md.v Line: 145
Warning (10230): Verilog HDL assignment warning at joydb9md.v(148): truncated value with size 5 to match size of target (4) File: /tmp/h_Arcade-IGSPGM_MiSTer/sys/joydb9md.v Line: 148
Info (12128): Elaborating entity "joy_db15" for hierarchy "emu:emu|joydb:joydb|joy_db15:joy_db15_i" File: /tmp/h_Arcade-IGSPGM_MiSTer/sys/joydb.sv Line: 173
Info (12128): Elaborating entity "joy_db9saturn" for hierarchy "emu:emu|joydb:joydb|joy_db9saturn:joy_db9saturn_i" File: /tmp/h_Arcade-IGSPGM_MiSTer/sys/joydb.sv Line: 192
Info (12128): Elaborating entity "joydb_remap" for hierarchy "emu:emu|joydb:joydb|joydb_remap:joydb_remap_i" File: /tmp/h_Arcade-IGSPGM_MiSTer/sys/joydb.sv Line: 432
Info (12128): Elaborating entity "hps_io" for hierarchy "emu:emu|hps_io:hps_io" File: /tmp/h_Arcade-IGSPGM_MiSTer/Arcade-IGSPGM.sv Line: 500
Info (10264): Verilog HDL Case Statement information at hps_io.sv(434): all case item expressions in this case statement are onehot File: /tmp/h_Arcade-IGSPGM_MiSTer/sys/hps_io.sv Line: 434
Info (10264): Verilog HDL Case Statement information at hps_io.sv(463): all case item expressions in this case statement are onehot File: /tmp/h_Arcade-IGSPGM_MiSTer/sys/hps_io.sv Line: 463
Info (12128): Elaborating entity "video_calc" for hierarchy "emu:emu|hps_io:hps_io|video_calc:video_calc" File: /tmp/h_Arcade-IGSPGM_MiSTer/sys/hps_io.sv Line: 242
Info (12128): Elaborating entity "db9_key_gate" for hierarchy "emu:emu|hps_io:hps_io|db9_key_gate:u_db9_key_gate" File: /tmp/h_Arcade-IGSPGM_MiSTer/sys/hps_io.sv Line: 746
Info (12128): Elaborating entity "siphash24" for hierarchy "emu:emu|hps_io:hps_io|db9_key_gate:u_db9_key_gate|siphash24:u_sip" File: /tmp/h_Arcade-IGSPGM_MiSTer/sys/db9_key_gate.sv Line: 55
Info (12128): Elaborating entity "mame_keys" for hierarchy "emu:emu|mame_keys:mame_keys" File: /tmp/h_Arcade-IGSPGM_MiSTer/Arcade-IGSPGM.sv Line: 515
Info (12128): Elaborating entity "pll" for hierarchy "emu:emu|pll:pll" File: /tmp/h_Arcade-IGSPGM_MiSTer/Arcade-IGSPGM.sv Line: 535
Info (12128): Elaborating entity "pll_0002" for hierarchy "emu:emu|pll:pll|pll_0002:pll_inst" File: /tmp/h_Arcade-IGSPGM_MiSTer/rtl/pll.v Line: 22
Info (12128): Elaborating entity "altera_pll" for hierarchy "emu:emu|pll:pll|pll_0002:pll_inst|altera_pll:altera_pll_i" File: /tmp/h_Arcade-IGSPGM_MiSTer/rtl/pll/pll_0002.v Line: 88
Info (10008): Verilog HDL or VHDL information: EDA Netlist Writer cannot regroup multidimensional array "wire_to_nowhere_64" into its bus
Info (12130): Elaborated megafunction instantiation "emu:emu|pll:pll|pll_0002:pll_inst|altera_pll:altera_pll_i" File: /tmp/h_Arcade-IGSPGM_MiSTer/rtl/pll/pll_0002.v Line: 88
Info (12133): Instantiated megafunction "emu:emu|pll:pll|pll_0002:pll_inst|altera_pll:altera_pll_i" with the following parameter: File: /tmp/h_Arcade-IGSPGM_MiSTer/rtl/pll/pll_0002.v Line: 88
    Info (12134): Parameter "fractional_vco_multiplier" = "false"
    Info (12134): Parameter "reference_clock_frequency" = "50.0 MHz"
    Info (12134): Parameter "operation_mode" = "direct"
    Info (12134): Parameter "number_of_clocks" = "2"
    Info (12134): Parameter "output_clock_frequency0" = "100.000000 MHz"
    Info (12134): Parameter "phase_shift0" = "0 ps"
    Info (12134): Parameter "duty_cycle0" = "50"
    Info (12134): Parameter "output_clock_frequency1" = "50.000000 MHz"
    Info (12134): Parameter "phase_shift1" = "0 ps"
    Info (12134): Parameter "duty_cycle1" = "50"
    Info (12134): Parameter "output_clock_frequency2" = "0 MHz"
    Info (12134): Parameter "phase_shift2" = "0 ps"
    Info (12134): Parameter "duty_cycle2" = "50"
    Info (12134): Parameter "output_clock_frequency3" = "0 MHz"
    Info (12134): Parameter "phase_shift3" = "0 ps"
    Info (12134): Parameter "duty_cycle3" = "50"
    Info (12134): Parameter "output_clock_frequency4" = "0 MHz"
    Info (12134): Parameter "phase_shift4" = "0 ps"
    Info (12134): Parameter "duty_cycle4" = "50"
    Info (12134): Parameter "output_clock_frequency5" = "0 MHz"
    Info (12134): Parameter "phase_shift5" = "0 ps"
    Info (12134): Parameter "duty_cycle5" = "50"
    Info (12134): Parameter "output_clock_frequency6" = "0 MHz"
    Info (12134): Parameter "phase_shift6" = "0 ps"
    Info (12134): Parameter "duty_cycle6" = "50"
    Info (12134): Parameter "output_clock_frequency7" = "0 MHz"
    Info (12134): Parameter "phase_shift7" = "0 ps"
    Info (12134): Parameter "duty_cycle7" = "50"
    Info (12134): Parameter "output_clock_frequency8" = "0 MHz"
    Info (12134): Parameter "phase_shift8" = "0 ps"
    Info (12134): Parameter "duty_cycle8" = "50"
    Info (12134): Parameter "output_clock_frequency9" = "0 MHz"
    Info (12134): Parameter "phase_shift9" = "0 ps"
    Info (12134): Parameter "duty_cycle9" = "50"
    Info (12134): Parameter "output_clock_frequency10" = "0 MHz"
    Info (12134): Parameter "phase_shift10" = "0 ps"
    Info (12134): Parameter "duty_cycle10" = "50"
    Info (12134): Parameter "output_clock_frequency11" = "0 MHz"
    Info (12134): Parameter "phase_shift11" = "0 ps"
    Info (12134): Parameter "duty_cycle11" = "50"
    Info (12134): Parameter "output_clock_frequency12" = "0 MHz"
    Info (12134): Parameter "phase_shift12" = "0 ps"
    Info (12134): Parameter "duty_cycle12" = "50"
    Info (12134): Parameter "output_clock_frequency13" = "0 MHz"
    Info (12134): Parameter "phase_shift13" = "0 ps"
    Info (12134): Parameter "duty_cycle13" = "50"
    Info (12134): Parameter "output_clock_frequency14" = "0 MHz"
    Info (12134): Parameter "phase_shift14" = "0 ps"
    Info (12134): Parameter "duty_cycle14" = "50"
    Info (12134): Parameter "output_clock_frequency15" = "0 MHz"
    Info (12134): Parameter "phase_shift15" = "0 ps"
    Info (12134): Parameter "duty_cycle15" = "50"
    Info (12134): Parameter "output_clock_frequency16" = "0 MHz"
    Info (12134): Parameter "phase_shift16" = "0 ps"
    Info (12134): Parameter "duty_cycle16" = "50"
    Info (12134): Parameter "output_clock_frequency17" = "0 MHz"
    Info (12134): Parameter "phase_shift17" = "0 ps"
    Info (12134): Parameter "duty_cycle17" = "50"
    Info (12134): Parameter "pll_type" = "General"
    Info (12134): Parameter "pll_subtype" = "General"
Info (12128): Elaborating entity "sdram" for hierarchy "emu:emu|sdram:sdram" File: /tmp/h_Arcade-IGSPGM_MiSTer/Arcade-IGSPGM.sv Line: 614
Info (12128): Elaborating entity "ddr_if" for hierarchy "emu:emu|ddr_if:ddr_host" File: /tmp/h_Arcade-IGSPGM_MiSTer/Arcade-IGSPGM.sv Line: 616
Warning (12158): Entity "ddr_if" contains only dangling pins File: /tmp/h_Arcade-IGSPGM_MiSTer/Arcade-IGSPGM.sv Line: 616
Info (12128): Elaborating entity "ddr_mux" for hierarchy "emu:emu|ddr_mux:ddr_mux" File: /tmp/h_Arcade-IGSPGM_MiSTer/Arcade-IGSPGM.sv Line: 623
Info (12128): Elaborating entity "ddr_rom_loader_adaptor" for hierarchy "emu:emu|ddr_rom_loader_adaptor:ddr_rom_loader" File: /tmp/h_Arcade-IGSPGM_MiSTer/Arcade-IGSPGM.sv Line: 673
Warning (10034): Output port "ddr.wdata" at rom_loader.sv(222) has no driver File: /tmp/h_Arcade-IGSPGM_MiSTer/rtl/rom_loader.sv Line: 222
Info (12128): Elaborating entity "rom_loader" for hierarchy "emu:emu|rom_loader:rom_loader" File: /tmp/h_Arcade-IGSPGM_MiSTer/Arcade-IGSPGM.sv Line: 696
Warning (10230): Verilog HDL assignment warning at rom_loader.sv(169): truncated value with size 26 to match size of target (22) File: /tmp/h_Arcade-IGSPGM_MiSTer/rtl/rom_loader.sv Line: 169
Info (12128): Elaborating entity "rom_decrypt" for hierarchy "emu:emu|rom_loader:rom_loader|rom_decrypt:rom_decrypt_load" File: /tmp/h_Arcade-IGSPGM_MiSTer/rtl/rom_loader.sv Line: 90
Info (12128): Elaborating entity "exrom_decrypt" for hierarchy "emu:emu|rom_loader:rom_loader|exrom_decrypt:exd_0" File: /tmp/h_Arcade-IGSPGM_MiSTer/rtl/rom_loader.sv Line: 96
Info (12128): Elaborating entity "PGM" for hierarchy "emu:emu|PGM:pgm_inst" File: /tmp/h_Arcade-IGSPGM_MiSTer/Arcade-IGSPGM.sv Line: 872
Warning (10036): Verilog HDL or VHDL warning at PGM.sv(172): object "ss_saved_ssp" assigned a value but never read File: /tmp/h_Arcade-IGSPGM_MiSTer/rtl/PGM.sv Line: 172
Warning (10036): Verilog HDL or VHDL warning at PGM.sv(177): object "ss_restored_version" assigned a value but never read File: /tmp/h_Arcade-IGSPGM_MiSTer/rtl/PGM.sv Line: 177
Warning (10230): Verilog HDL assignment warning at PGM.sv(399): truncated value with size 32 to match size of target (5) File: /tmp/h_Arcade-IGSPGM_MiSTer/rtl/PGM.sv Line: 399
Warning (10230): Verilog HDL assignment warning at PGM.sv(862): truncated value with size 32 to match size of target (27) File: /tmp/h_Arcade-IGSPGM_MiSTer/rtl/PGM.sv Line: 862
Warning (10030): Net "ss_irq_handler.data_a" at PGM.sv(231) has no driver or initial value, using a default initial value '0' File: /tmp/h_Arcade-IGSPGM_MiSTer/rtl/PGM.sv Line: 231
Warning (10030): Net "ss_irq_handler.waddr_a" at PGM.sv(231) has no driver or initial value, using a default initial value '0' File: /tmp/h_Arcade-IGSPGM_MiSTer/rtl/PGM.sv Line: 231
Warning (10030): Net "ss_irq_handler.we_a" at PGM.sv(231) has no driver or initial value, using a default initial value '0' File: /tmp/h_Arcade-IGSPGM_MiSTer/rtl/PGM.sv Line: 231
Info (12128): Elaborating entity "ssbus_if" for hierarchy "emu:emu|PGM:pgm_inst|ssbus_if:ssbus" File: /tmp/h_Arcade-IGSPGM_MiSTer/rtl/PGM.sv Line: 179
Warning (12158): Entity "ssbus_if" contains only dangling pins File: /tmp/h_Arcade-IGSPGM_MiSTer/rtl/PGM.sv Line: 179
Info (12128): Elaborating entity "ssbus_mux" for hierarchy "emu:emu|PGM:pgm_inst|ssbus_mux:ssmux" File: /tmp/h_Arcade-IGSPGM_MiSTer/rtl/PGM.sv Line: 186
Info (12128): Elaborating entity "jtframe_frac_cen" for hierarchy "emu:emu|PGM:pgm_inst|jtframe_frac_cen:cen_steady" File: /tmp/h_Arcade-IGSPGM_MiSTer/rtl/PGM.sv Line: 468
Info (12128): Elaborating entity "jtframe_frac_cen" for hierarchy "emu:emu|PGM:pgm_inst|jtframe_frac_cen:audio_cen" File: /tmp/h_Arcade-IGSPGM_MiSTer/rtl/PGM.sv Line: 499
Info (12128): Elaborating entity "fx68k" for hierarchy "emu:emu|PGM:pgm_inst|fx68k:m68000" File: /tmp/h_Arcade-IGSPGM_MiSTer/rtl/PGM.sv Line: 535
Warning (10230): Verilog HDL assignment warning at fx68k.sv(266): truncated value with size 32 to match size of target (10) File: /tmp/h_Arcade-IGSPGM_MiSTer/rtl/fx68k/hdl/fx68k.sv Line: 266
Warning (10230): Verilog HDL assignment warning at fx68k.sv(267): truncated value with size 32 to match size of target (9) File: /tmp/h_Arcade-IGSPGM_MiSTer/rtl/fx68k/hdl/fx68k.sv Line: 267
Info (12128): Elaborating entity "microToNanoAddr" for hierarchy "emu:emu|PGM:pgm_inst|fx68k:m68000|microToNanoAddr:microToNanoAddr" File: /tmp/h_Arcade-IGSPGM_MiSTer/rtl/fx68k/hdl/fx68k.sv Line: 253
Info (12128): Elaborating entity "nanoRom" for hierarchy "emu:emu|PGM:pgm_inst|fx68k:m68000|nanoRom:nanoRom" File: /tmp/h_Arcade-IGSPGM_MiSTer/rtl/fx68k/hdl/fx68k.sv Line: 257
Warning (10030): Net "nRam.data_a" at fx68k.sv(2483) has no driver or initial value, using a default initial value '0' File: /tmp/h_Arcade-IGSPGM_MiSTer/rtl/fx68k/hdl/fx68k.sv Line: 2483
Warning (10030): Net "nRam.waddr_a" at fx68k.sv(2483) has no driver or initial value, using a default initial value '0' File: /tmp/h_Arcade-IGSPGM_MiSTer/rtl/fx68k/hdl/fx68k.sv Line: 2483
Warning (10030): Net "nRam.we_a" at fx68k.sv(2483) has no driver or initial value, using a default initial value '0' File: /tmp/h_Arcade-IGSPGM_MiSTer/rtl/fx68k/hdl/fx68k.sv Line: 2483
Info (12128): Elaborating entity "uRom" for hierarchy "emu:emu|PGM:pgm_inst|fx68k:m68000|uRom:uRom" File: /tmp/h_Arcade-IGSPGM_MiSTer/rtl/fx68k/hdl/fx68k.sv Line: 258
Warning (10030): Net "uRam.data_a" at fx68k.sv(2472) has no driver or initial value, using a default initial value '0' File: /tmp/h_Arcade-IGSPGM_MiSTer/rtl/fx68k/hdl/fx68k.sv Line: 2472
Warning (10030): Net "uRam.waddr_a" at fx68k.sv(2472) has no driver or initial value, using a default initial value '0' File: /tmp/h_Arcade-IGSPGM_MiSTer/rtl/fx68k/hdl/fx68k.sv Line: 2472
Warning (10030): Net "uRam.we_a" at fx68k.sv(2472) has no driver or initial value, using a default initial value '0' File: /tmp/h_Arcade-IGSPGM_MiSTer/rtl/fx68k/hdl/fx68k.sv Line: 2472
Info (12128): Elaborating entity "uaddrDecode" for hierarchy "emu:emu|PGM:pgm_inst|fx68k:m68000|uaddrDecode:uaddrDecode" File: /tmp/h_Arcade-IGSPGM_MiSTer/rtl/fx68k/hdl/fx68k.sv Line: 352
Info (10264): Verilog HDL Case Statement information at fx68k.sv(1859): all case item expressions in this case statement are onehot File: /tmp/h_Arcade-IGSPGM_MiSTer/rtl/fx68k/hdl/fx68k.sv Line: 1859
Info (12128): Elaborating entity "onehotEncoder4" for hierarchy "emu:emu|PGM:pgm_inst|fx68k:m68000|uaddrDecode:uaddrDecode|onehotEncoder4:irLineDecod" File: /tmp/h_Arcade-IGSPGM_MiSTer/rtl/fx68k/hdl/fx68k.sv Line: 1813
Info (12128): Elaborating entity "pla_lined" for hierarchy "emu:emu|PGM:pgm_inst|fx68k:m68000|uaddrDecode:uaddrDecode|pla_lined:pla_lined" File: /tmp/h_Arcade-IGSPGM_MiSTer/rtl/fx68k/hdl/fx68k.sv Line: 1820
Warning (10230): Verilog HDL assignment warning at uaddrPla.sv(88): truncated value with size 32 to match size of target (10) File: /tmp/h_Arcade-IGSPGM_MiSTer/rtl/fx68k/hdl/uaddrPla.sv Line: 88
Warning (10230): Verilog HDL assignment warning at uaddrPla.sv(90): truncated value with size 32 to match size of target (10) File: /tmp/h_Arcade-IGSPGM_MiSTer/rtl/fx68k/hdl/uaddrPla.sv Line: 90
Warning (10230): Verilog HDL assignment warning at uaddrPla.sv(129): truncated value with size 32 to match size of target (10) File: /tmp/h_Arcade-IGSPGM_MiSTer/rtl/fx68k/hdl/uaddrPla.sv Line: 129
Warning (10230): Verilog HDL assignment warning at uaddrPla.sv(133): truncated value with size 32 to match size of target (10) File: /tmp/h_Arcade-IGSPGM_MiSTer/rtl/fx68k/hdl/uaddrPla.sv Line: 133
Info (12128): Elaborating entity "sequencer" for hierarchy "emu:emu|PGM:pgm_inst|fx68k:m68000|sequencer:sequencer" File: /tmp/h_Arcade-IGSPGM_MiSTer/rtl/fx68k/hdl/fx68k.sv Line: 358
Warning (10230): Verilog HDL assignment warning at fx68k.sv(1972): truncated value with size 32 to match size of target (10) File: /tmp/h_Arcade-IGSPGM_MiSTer/rtl/fx68k/hdl/fx68k.sv Line: 1972
Warning (10230): Verilog HDL assignment warning at fx68k.sv(1974): truncated value with size 32 to match size of target (10) File: /tmp/h_Arcade-IGSPGM_MiSTer/rtl/fx68k/hdl/fx68k.sv Line: 1974
Warning (10230): Verilog HDL assignment warning at fx68k.sv(1976): truncated value with size 32 to match size of target (10) File: /tmp/h_Arcade-IGSPGM_MiSTer/rtl/fx68k/hdl/fx68k.sv Line: 1976
Warning (10230): Verilog HDL assignment warning at fx68k.sv(2138): truncated value with size 32 to match size of target (10) File: /tmp/h_Arcade-IGSPGM_MiSTer/rtl/fx68k/hdl/fx68k.sv Line: 2138
Warning (10230): Verilog HDL assignment warning at fx68k.sv(2146): truncated value with size 32 to match size of target (4) File: /tmp/h_Arcade-IGSPGM_MiSTer/rtl/fx68k/hdl/fx68k.sv Line: 2146
Warning (10230): Verilog HDL assignment warning at fx68k.sv(2151): truncated value with size 32 to match size of target (4) File: /tmp/h_Arcade-IGSPGM_MiSTer/rtl/fx68k/hdl/fx68k.sv Line: 2151
Warning (10230): Verilog HDL assignment warning at fx68k.sv(2152): truncated value with size 32 to match size of target (10) File: /tmp/h_Arcade-IGSPGM_MiSTer/rtl/fx68k/hdl/fx68k.sv Line: 2152
Info (12128): Elaborating entity "excUnit" for hierarchy "emu:emu|PGM:pgm_inst|fx68k:m68000|excUnit:excUnit" File: /tmp/h_Arcade-IGSPGM_MiSTer/rtl/fx68k/hdl/fx68k.sv Line: 363
Warning (10230): Verilog HDL assignment warning at fx68k.sv(1248): truncated value with size 32 to match size of target (5) File: /tmp/h_Arcade-IGSPGM_MiSTer/rtl/fx68k/hdl/fx68k.sv Line: 1248
Warning (10230): Verilog HDL assignment warning at fx68k.sv(1253): truncated value with size 32 to match size of target (5) File: /tmp/h_Arcade-IGSPGM_MiSTer/rtl/fx68k/hdl/fx68k.sv Line: 1253
Warning (10230): Verilog HDL assignment warning at fx68k.sv(1258): truncated value with size 32 to match size of target (5) File: /tmp/h_Arcade-IGSPGM_MiSTer/rtl/fx68k/hdl/fx68k.sv Line: 1258
Warning (10230): Verilog HDL assignment warning at fx68k.sv(1271): truncated value with size 32 to match size of target (5) File: /tmp/h_Arcade-IGSPGM_MiSTer/rtl/fx68k/hdl/fx68k.sv Line: 1271
Warning (10230): Verilog HDL assignment warning at fx68k.sv(1282): truncated value with size 32 to match size of target (5) File: /tmp/h_Arcade-IGSPGM_MiSTer/rtl/fx68k/hdl/fx68k.sv Line: 1282
Warning (10230): Verilog HDL assignment warning at fx68k.sv(1290): truncated value with size 32 to match size of target (5) File: /tmp/h_Arcade-IGSPGM_MiSTer/rtl/fx68k/hdl/fx68k.sv Line: 1290
Info (12128): Elaborating entity "pren" for hierarchy "emu:emu|PGM:pgm_inst|fx68k:m68000|excUnit:excUnit|pren:rmPren" File: /tmp/h_Arcade-IGSPGM_MiSTer/rtl/fx68k/hdl/fx68k.sv Line: 1622
Warning (10230): Verilog HDL assignment warning at fx68k.sv(1930): truncated value with size 32 to match size of target (4) File: /tmp/h_Arcade-IGSPGM_MiSTer/rtl/fx68k/hdl/fx68k.sv Line: 1930
Info (12128): Elaborating entity "dataIo" for hierarchy "emu:emu|PGM:pgm_inst|fx68k:m68000|excUnit:excUnit|dataIo:dataIo" File: /tmp/h_Arcade-IGSPGM_MiSTer/rtl/fx68k/hdl/fx68k.sv Line: 1681
Info (12128): Elaborating entity "fx68kAlu" for hierarchy "emu:emu|PGM:pgm_inst|fx68k:m68000|excUnit:excUnit|fx68kAlu:alu" File: /tmp/h_Arcade-IGSPGM_MiSTer/rtl/fx68k/hdl/fx68k.sv Line: 1691
Warning (10958): SystemVerilog warning at fx68kAlu.sv(313): unique or priority keyword makes case statement complete File: /tmp/h_Arcade-IGSPGM_MiSTer/rtl/fx68k/hdl/fx68kAlu.sv Line: 313
Info (12128): Elaborating entity "rowDecoder" for hierarchy "emu:emu|PGM:pgm_inst|fx68k:m68000|excUnit:excUnit|fx68kAlu:alu|rowDecoder:rowDecoder" File: /tmp/h_Arcade-IGSPGM_MiSTer/rtl/fx68k/hdl/fx68kAlu.sv Line: 99
Info (12128): Elaborating entity "aluGetOp" for hierarchy "emu:emu|PGM:pgm_inst|fx68k:m68000|excUnit:excUnit|fx68kAlu:alu|aluGetOp:aluGetOp" File: /tmp/h_Arcade-IGSPGM_MiSTer/rtl/fx68k/hdl/fx68kAlu.sv Line: 106
Warning (10230): Verilog HDL assignment warning at fx68kAlu.sv(533): truncated value with size 32 to match size of target (5) File: /tmp/h_Arcade-IGSPGM_MiSTer/rtl/fx68k/hdl/fx68kAlu.sv Line: 533
Warning (10230): Verilog HDL assignment warning at fx68kAlu.sv(534): truncated value with size 32 to match size of target (5) File: /tmp/h_Arcade-IGSPGM_MiSTer/rtl/fx68k/hdl/fx68kAlu.sv Line: 534
Warning (10230): Verilog HDL assignment warning at fx68kAlu.sv(540): truncated value with size 32 to match size of target (5) File: /tmp/h_Arcade-IGSPGM_MiSTer/rtl/fx68k/hdl/fx68kAlu.sv Line: 540
Warning (10230): Verilog HDL assignment warning at fx68kAlu.sv(541): truncated value with size 32 to match size of target (5) File: /tmp/h_Arcade-IGSPGM_MiSTer/rtl/fx68k/hdl/fx68kAlu.sv Line: 541
Warning (10230): Verilog HDL assignment warning at fx68kAlu.sv(542): truncated value with size 32 to match size of target (5) File: /tmp/h_Arcade-IGSPGM_MiSTer/rtl/fx68k/hdl/fx68kAlu.sv Line: 542
Warning (10958): SystemVerilog warning at fx68kAlu.sv(539): unique or priority keyword makes case statement complete File: /tmp/h_Arcade-IGSPGM_MiSTer/rtl/fx68k/hdl/fx68kAlu.sv Line: 539
Warning (10230): Verilog HDL assignment warning at fx68kAlu.sv(547): truncated value with size 32 to match size of target (5) File: /tmp/h_Arcade-IGSPGM_MiSTer/rtl/fx68k/hdl/fx68kAlu.sv Line: 547
Warning (10230): Verilog HDL assignment warning at fx68kAlu.sv(548): truncated value with size 32 to match size of target (5) File: /tmp/h_Arcade-IGSPGM_MiSTer/rtl/fx68k/hdl/fx68kAlu.sv Line: 548
Warning (10230): Verilog HDL assignment warning at fx68kAlu.sv(549): truncated value with size 32 to match size of target (5) File: /tmp/h_Arcade-IGSPGM_MiSTer/rtl/fx68k/hdl/fx68kAlu.sv Line: 549
Warning (10958): SystemVerilog warning at fx68kAlu.sv(546): unique or priority keyword makes case statement complete File: /tmp/h_Arcade-IGSPGM_MiSTer/rtl/fx68k/hdl/fx68kAlu.sv Line: 546
Warning (10230): Verilog HDL assignment warning at fx68kAlu.sv(554): truncated value with size 32 to match size of target (5) File: /tmp/h_Arcade-IGSPGM_MiSTer/rtl/fx68k/hdl/fx68kAlu.sv Line: 554
Warning (10230): Verilog HDL assignment warning at fx68kAlu.sv(555): truncated value with size 32 to match size of target (5) File: /tmp/h_Arcade-IGSPGM_MiSTer/rtl/fx68k/hdl/fx68kAlu.sv Line: 555
Warning (10230): Verilog HDL assignment warning at fx68kAlu.sv(556): truncated value with size 32 to match size of target (5) File: /tmp/h_Arcade-IGSPGM_MiSTer/rtl/fx68k/hdl/fx68kAlu.sv Line: 556
Warning (10958): SystemVerilog warning at fx68kAlu.sv(553): unique or priority keyword makes case statement complete File: /tmp/h_Arcade-IGSPGM_MiSTer/rtl/fx68k/hdl/fx68kAlu.sv Line: 553
Warning (10230): Verilog HDL assignment warning at fx68kAlu.sv(560): truncated value with size 32 to match size of target (5) File: /tmp/h_Arcade-IGSPGM_MiSTer/rtl/fx68k/hdl/fx68kAlu.sv Line: 560
Warning (10230): Verilog HDL assignment warning at fx68kAlu.sv(565): truncated value with size 32 to match size of target (5) File: /tmp/h_Arcade-IGSPGM_MiSTer/rtl/fx68k/hdl/fx68kAlu.sv Line: 565
Warning (10230): Verilog HDL assignment warning at fx68kAlu.sv(566): truncated value with size 32 to match size of target (5) File: /tmp/h_Arcade-IGSPGM_MiSTer/rtl/fx68k/hdl/fx68kAlu.sv Line: 566
Warning (10230): Verilog HDL assignment warning at fx68kAlu.sv(567): truncated value with size 32 to match size of target (5) File: /tmp/h_Arcade-IGSPGM_MiSTer/rtl/fx68k/hdl/fx68kAlu.sv Line: 567
Warning (10958): SystemVerilog warning at fx68kAlu.sv(564): unique or priority keyword makes case statement complete File: /tmp/h_Arcade-IGSPGM_MiSTer/rtl/fx68k/hdl/fx68kAlu.sv Line: 564
Warning (10230): Verilog HDL assignment warning at fx68kAlu.sv(572): truncated value with size 32 to match size of target (5) File: /tmp/h_Arcade-IGSPGM_MiSTer/rtl/fx68k/hdl/fx68kAlu.sv Line: 572
Warning (10230): Verilog HDL assignment warning at fx68kAlu.sv(573): truncated value with size 32 to match size of target (5) File: /tmp/h_Arcade-IGSPGM_MiSTer/rtl/fx68k/hdl/fx68kAlu.sv Line: 573
Warning (10230): Verilog HDL assignment warning at fx68kAlu.sv(574): truncated value with size 32 to match size of target (5) File: /tmp/h_Arcade-IGSPGM_MiSTer/rtl/fx68k/hdl/fx68kAlu.sv Line: 574
Warning (10958): SystemVerilog warning at fx68kAlu.sv(571): unique or priority keyword makes case statement complete File: /tmp/h_Arcade-IGSPGM_MiSTer/rtl/fx68k/hdl/fx68kAlu.sv Line: 571
Warning (10230): Verilog HDL assignment warning at fx68kAlu.sv(581): truncated value with size 32 to match size of target (5) File: /tmp/h_Arcade-IGSPGM_MiSTer/rtl/fx68k/hdl/fx68kAlu.sv Line: 581
Warning (10230): Verilog HDL assignment warning at fx68kAlu.sv(582): truncated value with size 32 to match size of target (5) File: /tmp/h_Arcade-IGSPGM_MiSTer/rtl/fx68k/hdl/fx68kAlu.sv Line: 582
Warning (10230): Verilog HDL assignment warning at fx68kAlu.sv(583): truncated value with size 32 to match size of target (5) File: /tmp/h_Arcade-IGSPGM_MiSTer/rtl/fx68k/hdl/fx68kAlu.sv Line: 583
Warning (10958): SystemVerilog warning at fx68kAlu.sv(580): unique or priority keyword makes case statement complete File: /tmp/h_Arcade-IGSPGM_MiSTer/rtl/fx68k/hdl/fx68kAlu.sv Line: 580
Warning (10230): Verilog HDL assignment warning at fx68kAlu.sv(588): truncated value with size 32 to match size of target (5) File: /tmp/h_Arcade-IGSPGM_MiSTer/rtl/fx68k/hdl/fx68kAlu.sv Line: 588
Warning (10230): Verilog HDL assignment warning at fx68kAlu.sv(589): truncated value with size 32 to match size of target (5) File: /tmp/h_Arcade-IGSPGM_MiSTer/rtl/fx68k/hdl/fx68kAlu.sv Line: 589
Warning (10230): Verilog HDL assignment warning at fx68kAlu.sv(590): truncated value with size 32 to match size of target (5) File: /tmp/h_Arcade-IGSPGM_MiSTer/rtl/fx68k/hdl/fx68kAlu.sv Line: 590
Warning (10958): SystemVerilog warning at fx68kAlu.sv(587): unique or priority keyword makes case statement complete File: /tmp/h_Arcade-IGSPGM_MiSTer/rtl/fx68k/hdl/fx68kAlu.sv Line: 587
Warning (10230): Verilog HDL assignment warning at fx68kAlu.sv(595): truncated value with size 32 to match size of target (5) File: /tmp/h_Arcade-IGSPGM_MiSTer/rtl/fx68k/hdl/fx68kAlu.sv Line: 595
Warning (10230): Verilog HDL assignment warning at fx68kAlu.sv(596): truncated value with size 32 to match size of target (5) File: /tmp/h_Arcade-IGSPGM_MiSTer/rtl/fx68k/hdl/fx68kAlu.sv Line: 596
Warning (10230): Verilog HDL assignment warning at fx68kAlu.sv(597): truncated value with size 32 to match size of target (5) File: /tmp/h_Arcade-IGSPGM_MiSTer/rtl/fx68k/hdl/fx68kAlu.sv Line: 597
Warning (10958): SystemVerilog warning at fx68kAlu.sv(594): unique or priority keyword makes case statement complete File: /tmp/h_Arcade-IGSPGM_MiSTer/rtl/fx68k/hdl/fx68kAlu.sv Line: 594
Warning (10230): Verilog HDL assignment warning at fx68kAlu.sv(602): truncated value with size 32 to match size of target (5) File: /tmp/h_Arcade-IGSPGM_MiSTer/rtl/fx68k/hdl/fx68kAlu.sv Line: 602
Warning (10230): Verilog HDL assignment warning at fx68kAlu.sv(603): truncated value with size 32 to match size of target (5) File: /tmp/h_Arcade-IGSPGM_MiSTer/rtl/fx68k/hdl/fx68kAlu.sv Line: 603
Warning (10230): Verilog HDL assignment warning at fx68kAlu.sv(604): truncated value with size 32 to match size of target (5) File: /tmp/h_Arcade-IGSPGM_MiSTer/rtl/fx68k/hdl/fx68kAlu.sv Line: 604
Warning (10958): SystemVerilog warning at fx68kAlu.sv(601): unique or priority keyword makes case statement complete File: /tmp/h_Arcade-IGSPGM_MiSTer/rtl/fx68k/hdl/fx68kAlu.sv Line: 601
Warning (10230): Verilog HDL assignment warning at fx68kAlu.sv(607): truncated value with size 32 to match size of target (5) File: /tmp/h_Arcade-IGSPGM_MiSTer/rtl/fx68k/hdl/fx68kAlu.sv Line: 607
Warning (10230): Verilog HDL assignment warning at fx68kAlu.sv(608): truncated value with size 32 to match size of target (5) File: /tmp/h_Arcade-IGSPGM_MiSTer/rtl/fx68k/hdl/fx68kAlu.sv Line: 608
Warning (10230): Verilog HDL assignment warning at fx68kAlu.sv(609): truncated value with size 32 to match size of target (5) File: /tmp/h_Arcade-IGSPGM_MiSTer/rtl/fx68k/hdl/fx68kAlu.sv Line: 609
Warning (10230): Verilog HDL assignment warning at fx68kAlu.sv(610): truncated value with size 32 to match size of target (5) File: /tmp/h_Arcade-IGSPGM_MiSTer/rtl/fx68k/hdl/fx68kAlu.sv Line: 610
Warning (10763): Verilog HDL warning at fx68kAlu.sv(537): case statement has overlapping case item expressions with non-constant or don't care bits - unable to check case statement for completeness File: /tmp/h_Arcade-IGSPGM_MiSTer/rtl/fx68k/hdl/fx68kAlu.sv Line: 537
Warning (10958): SystemVerilog warning at fx68kAlu.sv(537): unique or priority keyword makes case statement complete File: /tmp/h_Arcade-IGSPGM_MiSTer/rtl/fx68k/hdl/fx68kAlu.sv Line: 537
Info (12128): Elaborating entity "ccrTable" for hierarchy "emu:emu|PGM:pgm_inst|fx68k:m68000|excUnit:excUnit|fx68kAlu:alu|ccrTable:ccrTable" File: /tmp/h_Arcade-IGSPGM_MiSTer/rtl/fx68k/hdl/fx68kAlu.sv Line: 107
Warning (10763): Verilog HDL warning at fx68kAlu.sv(785): case statement has overlapping case item expressions with non-constant or don't care bits - unable to check case statement for completeness File: /tmp/h_Arcade-IGSPGM_MiSTer/rtl/fx68k/hdl/fx68kAlu.sv Line: 785
Warning (10958): SystemVerilog warning at fx68kAlu.sv(785): unique or priority keyword makes case statement complete File: /tmp/h_Arcade-IGSPGM_MiSTer/rtl/fx68k/hdl/fx68kAlu.sv Line: 785
Info (10264): Verilog HDL Case Statement information at fx68kAlu.sv(809): all case item expressions in this case statement are onehot File: /tmp/h_Arcade-IGSPGM_MiSTer/rtl/fx68k/hdl/fx68kAlu.sv Line: 809
Info (12128): Elaborating entity "aluShifter" for hierarchy "emu:emu|PGM:pgm_inst|fx68k:m68000|excUnit:excUnit|fx68kAlu:alu|aluShifter:shifter" File: /tmp/h_Arcade-IGSPGM_MiSTer/rtl/fx68k/hdl/fx68kAlu.sv Line: 167
Info (12128): Elaborating entity "aluCorf" for hierarchy "emu:emu|PGM:pgm_inst|fx68k:m68000|excUnit:excUnit|fx68kAlu:alu|aluCorf:aluCorf" File: /tmp/h_Arcade-IGSPGM_MiSTer/rtl/fx68k/hdl/fx68kAlu.sv Line: 173
Info (12128): Elaborating entity "nDecoder3" for hierarchy "emu:emu|PGM:pgm_inst|fx68k:m68000|nDecoder3:nDecoder" File: /tmp/h_Arcade-IGSPGM_MiSTer/rtl/fx68k/hdl/fx68k.sv Line: 365
Info (12128): Elaborating entity "irdDecode" for hierarchy "emu:emu|PGM:pgm_inst|fx68k:m68000|irdDecode:irdDecode" File: /tmp/h_Arcade-IGSPGM_MiSTer/rtl/fx68k/hdl/fx68k.sv Line: 367
Info (12128): Elaborating entity "busControl" for hierarchy "emu:emu|PGM:pgm_inst|fx68k:m68000|busControl:busControl" File: /tmp/h_Arcade-IGSPGM_MiSTer/rtl/fx68k/hdl/fx68k.sv Line: 373
Warning (10036): Verilog HDL or VHDL warning at fx68k.sv(2286): object "dataOe" assigned a value but never read File: /tmp/h_Arcade-IGSPGM_MiSTer/rtl/fx68k/hdl/fx68k.sv Line: 2286
Info (12128): Elaborating entity "busArbiter" for hierarchy "emu:emu|PGM:pgm_inst|fx68k:m68000|busArbiter:busArbiter" File: /tmp/h_Arcade-IGSPGM_MiSTer/rtl/fx68k/hdl/fx68k.sv Line: 375
Info (10264): Verilog HDL Case Statement information at fx68k.sv(2235): all case item expressions in this case statement are onehot File: /tmp/h_Arcade-IGSPGM_MiSTer/rtl/fx68k/hdl/fx68k.sv Line: 2235
Info (12128): Elaborating entity "address_translator" for hierarchy "emu:emu|PGM:pgm_inst|address_translator:address_translator" File: /tmp/h_Arcade-IGSPGM_MiSTer/rtl/PGM.sv Line: 579
Info (12128): Elaborating entity "m68k_ram_dp" for hierarchy "emu:emu|PGM:pgm_inst|m68k_ram_dp:work_ram" File: /tmp/h_Arcade-IGSPGM_MiSTer/rtl/PGM.sv Line: 618
Info (12128): Elaborating entity "altsyncram" for hierarchy "emu:emu|PGM:pgm_inst|m68k_ram_dp:work_ram|altsyncram:altsyncram_component" File: /tmp/h_Arcade-IGSPGM_MiSTer/rtl/ram.sv Line: 574
Info (12130): Elaborated megafunction instantiation "emu:emu|PGM:pgm_inst|m68k_ram_dp:work_ram|altsyncram:altsyncram_component" File: /tmp/h_Arcade-IGSPGM_MiSTer/rtl/ram.sv Line: 574
Info (12133): Instantiated megafunction "emu:emu|PGM:pgm_inst|m68k_ram_dp:work_ram|altsyncram:altsyncram_component" with the following parameter: File: /tmp/h_Arcade-IGSPGM_MiSTer/rtl/ram.sv Line: 574
    Info (12134): Parameter "address_reg_b" = "CLOCK1"
    Info (12134): Parameter "byteena_reg_b" = "CLOCK1"
    Info (12134): Parameter "byte_size" = "8"
    Info (12134): Parameter "clock_enable_input_a" = "BYPASS"
    Info (12134): Parameter "clock_enable_input_b" = "BYPASS"
    Info (12134): Parameter "clock_enable_output_a" = "BYPASS"
    Info (12134): Parameter "clock_enable_output_b" = "BYPASS"
    Info (12134): Parameter "indata_reg_b" = "CLOCK1"
    Info (12134): Parameter "intended_device_family" = "Cyclone V"
    Info (12134): Parameter "lpm_type" = "altsyncram"
    Info (12134): Parameter "numwords_a" = "65536"
    Info (12134): Parameter "numwords_b" = "65536"
    Info (12134): Parameter "operation_mode" = "BIDIR_DUAL_PORT"
    Info (12134): Parameter "outdata_aclr_a" = "NONE"
    Info (12134): Parameter "outdata_aclr_b" = "NONE"
    Info (12134): Parameter "outdata_reg_a" = "UNREGISTERED"
    Info (12134): Parameter "outdata_reg_b" = "UNREGISTERED"
    Info (12134): Parameter "power_up_uninitialized" = "FALSE"
    Info (12134): Parameter "read_during_write_mode_port_a" = "NEW_DATA_NO_NBE_READ"
    Info (12134): Parameter "read_during_write_mode_port_b" = "NEW_DATA_NO_NBE_READ"
    Info (12134): Parameter "widthad_a" = "16"
    Info (12134): Parameter "widthad_b" = "16"
    Info (12134): Parameter "width_a" = "16"
    Info (12134): Parameter "width_b" = "16"
    Info (12134): Parameter "width_byteena_a" = "2"
    Info (12134): Parameter "width_byteena_b" = "2"
    Info (12134): Parameter "wrcontrol_wraddress_reg_b" = "CLOCK1"
Info (12021): Found 1 design units, including 1 entities, in source file db/altsyncram_lvo2.tdf
    Info (12023): Found entity 1: altsyncram_lvo2 File: /tmp/h_Arcade-IGSPGM_MiSTer/db/altsyncram_lvo2.tdf Line: 34
Info (12128): Elaborating entity "altsyncram_lvo2" for hierarchy "emu:emu|PGM:pgm_inst|m68k_ram_dp:work_ram|altsyncram:altsyncram_component|altsyncram_lvo2:auto_generated" File: /opt/intelFPGA/17.0/quartus/libraries/megafunctions/altsyncram.tdf Line: 792
Info (12021): Found 1 design units, including 1 entities, in source file db/decode_dla.tdf
    Info (12023): Found entity 1: decode_dla File: /tmp/h_Arcade-IGSPGM_MiSTer/db/decode_dla.tdf Line: 23
Info (12128): Elaborating entity "decode_dla" for hierarchy "emu:emu|PGM:pgm_inst|m68k_ram_dp:work_ram|altsyncram:altsyncram_component|altsyncram_lvo2:auto_generated|decode_dla:decode2" File: /tmp/h_Arcade-IGSPGM_MiSTer/db/altsyncram_lvo2.tdf Line: 52
Info (12021): Found 1 design units, including 1 entities, in source file db/decode_61a.tdf
    Info (12023): Found entity 1: decode_61a File: /tmp/h_Arcade-IGSPGM_MiSTer/db/decode_61a.tdf Line: 23
Info (12128): Elaborating entity "decode_61a" for hierarchy "emu:emu|PGM:pgm_inst|m68k_ram_dp:work_ram|altsyncram:altsyncram_component|altsyncram_lvo2:auto_generated|decode_61a:rden_decode_a" File: /tmp/h_Arcade-IGSPGM_MiSTer/db/altsyncram_lvo2.tdf Line: 54
Info (12021): Found 1 design units, including 1 entities, in source file db/mux_chb.tdf
    Info (12023): Found entity 1: mux_chb File: /tmp/h_Arcade-IGSPGM_MiSTer/db/mux_chb.tdf Line: 23
Info (12128): Elaborating entity "mux_chb" for hierarchy "emu:emu|PGM:pgm_inst|m68k_ram_dp:work_ram|altsyncram:altsyncram_component|altsyncram_lvo2:auto_generated|mux_chb:mux4" File: /tmp/h_Arcade-IGSPGM_MiSTer/db/altsyncram_lvo2.tdf Line: 56
Info (12128): Elaborating entity "m68k_ram_ss_adaptor" for hierarchy "emu:emu|PGM:pgm_inst|m68k_ram_ss_adaptor:workram_ss" File: /tmp/h_Arcade-IGSPGM_MiSTer/rtl/PGM.sv Line: 635
Warning (10036): Verilog HDL or VHDL warning at ram.sv(92): object "SIZE" assigned a value but never read File: /tmp/h_Arcade-IGSPGM_MiSTer/rtl/ram.sv Line: 92
Info (12128): Elaborating entity "m68k_ram" for hierarchy "emu:emu|PGM:pgm_inst|m68k_ram:aram" File: /tmp/h_Arcade-IGSPGM_MiSTer/rtl/PGM.sv Line: 648
Info (12128): Elaborating entity "altsyncram" for hierarchy "emu:emu|PGM:pgm_inst|m68k_ram:aram|altsyncram:altsyncram_component" File: /tmp/h_Arcade-IGSPGM_MiSTer/rtl/ram.sv Line: 467
Info (12130): Elaborated megafunction instantiation "emu:emu|PGM:pgm_inst|m68k_ram:aram|altsyncram:altsyncram_component" File: /tmp/h_Arcade-IGSPGM_MiSTer/rtl/ram.sv Line: 467
Info (12133): Instantiated megafunction "emu:emu|PGM:pgm_inst|m68k_ram:aram|altsyncram:altsyncram_component" with the following parameter: File: /tmp/h_Arcade-IGSPGM_MiSTer/rtl/ram.sv Line: 467
    Info (12134): Parameter "clock_enable_input_a" = "BYPASS"
    Info (12134): Parameter "clock_enable_output_a" = "BYPASS"
    Info (12134): Parameter "intended_device_family" = "Cyclone V"
    Info (12134): Parameter "lpm_type" = "altsyncram"
    Info (12134): Parameter "numwords_a" = "32768"
    Info (12134): Parameter "operation_mode" = "SINGLE_PORT"
    Info (12134): Parameter "outdata_aclr_a" = "NONE"
    Info (12134): Parameter "outdata_reg_a" = "UNREGISTERED"
    Info (12134): Parameter "power_up_uninitialized" = "FALSE"
    Info (12134): Parameter "ram_block_type" = "M10K"
    Info (12134): Parameter "read_during_write_mode_port_a" = "DONT_CARE"
    Info (12134): Parameter "widthad_a" = "15"
    Info (12134): Parameter "width_a" = "16"
    Info (12134): Parameter "width_byteena_a" = "2"
Info (12021): Found 1 design units, including 1 entities, in source file db/altsyncram_93m1.tdf
    Info (12023): Found entity 1: altsyncram_93m1 File: /tmp/h_Arcade-IGSPGM_MiSTer/db/altsyncram_93m1.tdf Line: 34
Info (12128): Elaborating entity "altsyncram_93m1" for hierarchy "emu:emu|PGM:pgm_inst|m68k_ram:aram|altsyncram:altsyncram_component|altsyncram_93m1:auto_generated" File: /opt/intelFPGA/17.0/quartus/libraries/megafunctions/altsyncram.tdf Line: 792
Info (12021): Found 1 design units, including 1 entities, in source file db/decode_8la.tdf
    Info (12023): Found entity 1: decode_8la File: /tmp/h_Arcade-IGSPGM_MiSTer/db/decode_8la.tdf Line: 23
Info (12128): Elaborating entity "decode_8la" for hierarchy "emu:emu|PGM:pgm_inst|m68k_ram:aram|altsyncram:altsyncram_component|altsyncram_93m1:auto_generated|decode_8la:decode3" File: /tmp/h_Arcade-IGSPGM_MiSTer/db/altsyncram_93m1.tdf Line: 45
Info (12021): Found 1 design units, including 1 entities, in source file db/decode_11a.tdf
    Info (12023): Found entity 1: decode_11a File: /tmp/h_Arcade-IGSPGM_MiSTer/db/decode_11a.tdf Line: 23
Info (12128): Elaborating entity "decode_11a" for hierarchy "emu:emu|PGM:pgm_inst|m68k_ram:aram|altsyncram:altsyncram_component|altsyncram_93m1:auto_generated|decode_11a:rden_decode" File: /tmp/h_Arcade-IGSPGM_MiSTer/db/altsyncram_93m1.tdf Line: 46
Info (12021): Found 1 design units, including 1 entities, in source file db/mux_7hb.tdf
    Info (12023): Found entity 1: mux_7hb File: /tmp/h_Arcade-IGSPGM_MiSTer/db/mux_7hb.tdf Line: 23
Info (12128): Elaborating entity "mux_7hb" for hierarchy "emu:emu|PGM:pgm_inst|m68k_ram:aram|altsyncram:altsyncram_component|altsyncram_93m1:auto_generated|mux_7hb:mux2" File: /tmp/h_Arcade-IGSPGM_MiSTer/db/altsyncram_93m1.tdf Line: 47
Info (12128): Elaborating entity "m68k_ram_ss_adaptor" for hierarchy "emu:emu|PGM:pgm_inst|m68k_ram_ss_adaptor:aram_ss" File: /tmp/h_Arcade-IGSPGM_MiSTer/rtl/PGM.sv Line: 665
Warning (10036): Verilog HDL or VHDL warning at ram.sv(92): object "SIZE" assigned a value but never read File: /tmp/h_Arcade-IGSPGM_MiSTer/rtl/ram.sv Line: 92
Info (12128): Elaborating entity "singleport_ram" for hierarchy "emu:emu|PGM:pgm_inst|singleport_ram:vram" File: /tmp/h_Arcade-IGSPGM_MiSTer/rtl/PGM.sv Line: 690
Info (12128): Elaborating entity "altsyncram" for hierarchy "emu:emu|PGM:pgm_inst|singleport_ram:vram|altsyncram:altsyncram_component" File: /tmp/h_Arcade-IGSPGM_MiSTer/rtl/ram.sv Line: 385
Info (12130): Elaborated megafunction instantiation "emu:emu|PGM:pgm_inst|singleport_ram:vram|altsyncram:altsyncram_component" File: /tmp/h_Arcade-IGSPGM_MiSTer/rtl/ram.sv Line: 385
Info (12133): Instantiated megafunction "emu:emu|PGM:pgm_inst|singleport_ram:vram|altsyncram:altsyncram_component" with the following parameter: File: /tmp/h_Arcade-IGSPGM_MiSTer/rtl/ram.sv Line: 385
    Info (12134): Parameter "clock_enable_input_a" = "BYPASS"
    Info (12134): Parameter "clock_enable_output_a" = "BYPASS"
    Info (12134): Parameter "intended_device_family" = "Cyclone V"
    Info (12134): Parameter "lpm_type" = "altsyncram"
    Info (12134): Parameter "numwords_a" = "32768"
    Info (12134): Parameter "operation_mode" = "SINGLE_PORT"
    Info (12134): Parameter "outdata_aclr_a" = "NONE"
    Info (12134): Parameter "outdata_reg_a" = "UNREGISTERED"
    Info (12134): Parameter "power_up_uninitialized" = "FALSE"
    Info (12134): Parameter "ram_block_type" = "M10K"
    Info (12134): Parameter "read_during_write_mode_port_a" = "DONT_CARE"
    Info (12134): Parameter "widthad_a" = "15"
    Info (12134): Parameter "width_a" = "8"
    Info (12134): Parameter "width_byteena_a" = "1"
Info (12021): Found 1 design units, including 1 entities, in source file db/altsyncram_h3l1.tdf
    Info (12023): Found entity 1: altsyncram_h3l1 File: /tmp/h_Arcade-IGSPGM_MiSTer/db/altsyncram_h3l1.tdf Line: 34
Info (12128): Elaborating entity "altsyncram_h3l1" for hierarchy "emu:emu|PGM:pgm_inst|singleport_ram:vram|altsyncram:altsyncram_component|altsyncram_h3l1:auto_generated" File: /opt/intelFPGA/17.0/quartus/libraries/megafunctions/altsyncram.tdf Line: 792
Info (12021): Found 1 design units, including 1 entities, in source file db/mux_ofb.tdf
    Info (12023): Found entity 1: mux_ofb File: /tmp/h_Arcade-IGSPGM_MiSTer/db/mux_ofb.tdf Line: 23
Info (12128): Elaborating entity "mux_ofb" for hierarchy "emu:emu|PGM:pgm_inst|singleport_ram:vram|altsyncram:altsyncram_component|altsyncram_h3l1:auto_generated|mux_ofb:mux2" File: /tmp/h_Arcade-IGSPGM_MiSTer/db/altsyncram_h3l1.tdf Line: 46
Info (12128): Elaborating entity "ram_ss_adaptor" for hierarchy "emu:emu|PGM:pgm_inst|ram_ss_adaptor:vram_ss" File: /tmp/h_Arcade-IGSPGM_MiSTer/rtl/PGM.sv Line: 705
Warning (10036): Verilog HDL or VHDL warning at ram.sv(44): object "SIZE" assigned a value but never read File: /tmp/h_Arcade-IGSPGM_MiSTer/rtl/ram.sv Line: 44
Info (12128): Elaborating entity "m68k_ram" for hierarchy "emu:emu|PGM:pgm_inst|m68k_ram:palram" File: /tmp/h_Arcade-IGSPGM_MiSTer/rtl/PGM.sv Line: 714
Info (12128): Elaborating entity "altsyncram" for hierarchy "emu:emu|PGM:pgm_inst|m68k_ram:palram|altsyncram:altsyncram_component" File: /tmp/h_Arcade-IGSPGM_MiSTer/rtl/ram.sv Line: 467
Info (12130): Elaborated megafunction instantiation "emu:emu|PGM:pgm_inst|m68k_ram:palram|altsyncram:altsyncram_component" File: /tmp/h_Arcade-IGSPGM_MiSTer/rtl/ram.sv Line: 467
Info (12133): Instantiated megafunction "emu:emu|PGM:pgm_inst|m68k_ram:palram|altsyncram:altsyncram_component" with the following parameter: File: /tmp/h_Arcade-IGSPGM_MiSTer/rtl/ram.sv Line: 467
    Info (12134): Parameter "clock_enable_input_a" = "BYPASS"
    Info (12134): Parameter "clock_enable_output_a" = "BYPASS"
    Info (12134): Parameter "intended_device_family" = "Cyclone V"
    Info (12134): Parameter "lpm_type" = "altsyncram"
    Info (12134): Parameter "numwords_a" = "4096"
    Info (12134): Parameter "operation_mode" = "SINGLE_PORT"
    Info (12134): Parameter "outdata_aclr_a" = "NONE"
    Info (12134): Parameter "outdata_reg_a" = "UNREGISTERED"
    Info (12134): Parameter "power_up_uninitialized" = "FALSE"
    Info (12134): Parameter "ram_block_type" = "M10K"
    Info (12134): Parameter "read_during_write_mode_port_a" = "DONT_CARE"
    Info (12134): Parameter "widthad_a" = "12"
    Info (12134): Parameter "width_a" = "16"
    Info (12134): Parameter "width_byteena_a" = "2"
Info (12021): Found 1 design units, including 1 entities, in source file db/altsyncram_f1m1.tdf
    Info (12023): Found entity 1: altsyncram_f1m1 File: /tmp/h_Arcade-IGSPGM_MiSTer/db/altsyncram_f1m1.tdf Line: 28
Info (12128): Elaborating entity "altsyncram_f1m1" for hierarchy "emu:emu|PGM:pgm_inst|m68k_ram:palram|altsyncram:altsyncram_component|altsyncram_f1m1:auto_generated" File: /opt/intelFPGA/17.0/quartus/libraries/megafunctions/altsyncram.tdf Line: 792
Info (12128): Elaborating entity "m68k_ram_ss_adaptor" for hierarchy "emu:emu|PGM:pgm_inst|m68k_ram_ss_adaptor:palram_ss" File: /tmp/h_Arcade-IGSPGM_MiSTer/rtl/PGM.sv Line: 731
Warning (10036): Verilog HDL or VHDL warning at ram.sv(92): object "SIZE" assigned a value but never read File: /tmp/h_Arcade-IGSPGM_MiSTer/rtl/ram.sv Line: 92
Info (12128): Elaborating entity "IGS023" for hierarchy "emu:emu|PGM:pgm_inst|IGS023:igs023" File: /tmp/h_Arcade-IGSPGM_MiSTer/rtl/PGM.sv Line: 827
Warning (10036): Verilog HDL or VHDL warning at igs023.sv(98): object "ce_pixel_pre1" assigned a value but never read File: /tmp/h_Arcade-IGSPGM_MiSTer/rtl/igs023.sv Line: 98
Warning (10036): Verilog HDL or VHDL warning at igs023.sv(99): object "ce_pixel_pre2" assigned a value but never read File: /tmp/h_Arcade-IGSPGM_MiSTer/rtl/igs023.sv Line: 99
Warning (10036): Verilog HDL or VHDL warning at igs023.sv(100): object "ce_pixel_post1" assigned a value but never read File: /tmp/h_Arcade-IGSPGM_MiSTer/rtl/igs023.sv Line: 100
Warning (10036): Verilog HDL or VHDL warning at igs023.sv(101): object "ce_pixel_post2" assigned a value but never read File: /tmp/h_Arcade-IGSPGM_MiSTer/rtl/igs023.sv Line: 101
Warning (10036): Verilog HDL or VHDL warning at igs023.sv(102): object "ce_pixel_post3" assigned a value but never read File: /tmp/h_Arcade-IGSPGM_MiSTer/rtl/igs023.sv Line: 102
Warning (10036): Verilog HDL or VHDL warning at igs023.sv(118): object "is_vram_access" assigned a value but never read File: /tmp/h_Arcade-IGSPGM_MiSTer/rtl/igs023.sv Line: 118
Warning (10036): Verilog HDL or VHDL warning at igs023.sv(347): object "spr_valid" assigned a value but never read File: /tmp/h_Arcade-IGSPGM_MiSTer/rtl/igs023.sv Line: 347
Warning (10230): Verilog HDL assignment warning at igs023.sv(186): truncated value with size 32 to match size of target (1) File: /tmp/h_Arcade-IGSPGM_MiSTer/rtl/igs023.sv Line: 186
Warning (10230): Verilog HDL assignment warning at igs023.sv(193): truncated value with size 32 to match size of target (11) File: /tmp/h_Arcade-IGSPGM_MiSTer/rtl/igs023.sv Line: 193
Warning (10230): Verilog HDL assignment warning at igs023.sv(207): truncated value with size 32 to match size of target (10) File: /tmp/h_Arcade-IGSPGM_MiSTer/rtl/igs023.sv Line: 207
Warning (10230): Verilog HDL assignment warning at igs023.sv(211): truncated value with size 32 to match size of target (9) File: /tmp/h_Arcade-IGSPGM_MiSTer/rtl/igs023.sv Line: 211
Warning (10230): Verilog HDL assignment warning at igs023.sv(474): truncated value with size 32 to match size of target (16) File: /tmp/h_Arcade-IGSPGM_MiSTer/rtl/igs023.sv Line: 474
Warning (10230): Verilog HDL assignment warning at igs023.sv(486): truncated value with size 32 to match size of target (6) File: /tmp/h_Arcade-IGSPGM_MiSTer/rtl/igs023.sv Line: 486
Info (12128): Elaborating entity "IGS023_FG" for hierarchy "emu:emu|PGM:pgm_inst|IGS023:igs023|IGS023_FG:fg" File: /tmp/h_Arcade-IGSPGM_MiSTer/rtl/igs023.sv Line: 279
Warning (10230): Verilog HDL assignment warning at igs023_fg.sv(101): truncated value with size 32 to match size of target (9) File: /tmp/h_Arcade-IGSPGM_MiSTer/rtl/igs023_fg.sv Line: 101
Warning (10230): Verilog HDL assignment warning at igs023_fg.sv(110): truncated value with size 32 to match size of target (8) File: /tmp/h_Arcade-IGSPGM_MiSTer/rtl/igs023_fg.sv Line: 110
Warning (10230): Verilog HDL assignment warning at igs023_fg.sv(115): truncated value with size 32 to match size of target (8) File: /tmp/h_Arcade-IGSPGM_MiSTer/rtl/igs023_fg.sv Line: 115
Warning (10230): Verilog HDL assignment warning at igs023_fg.sv(120): truncated value with size 32 to match size of target (8) File: /tmp/h_Arcade-IGSPGM_MiSTer/rtl/igs023_fg.sv Line: 120
Warning (10230): Verilog HDL assignment warning at igs023_fg.sv(141): truncated value with size 32 to match size of target (6) File: /tmp/h_Arcade-IGSPGM_MiSTer/rtl/igs023_fg.sv Line: 141
Warning (10230): Verilog HDL assignment warning at igs023_fg.sv(157): truncated value with size 32 to match size of target (3) File: /tmp/h_Arcade-IGSPGM_MiSTer/rtl/igs023_fg.sv Line: 157
Warning (10230): Verilog HDL assignment warning at igs023_fg.sv(158): truncated value with size 32 to match size of target (6) File: /tmp/h_Arcade-IGSPGM_MiSTer/rtl/igs023_fg.sv Line: 158
Info (12128): Elaborating entity "IGS023_BG" for hierarchy "emu:emu|PGM:pgm_inst|IGS023:igs023|IGS023_BG:bg" File: /tmp/h_Arcade-IGSPGM_MiSTer/rtl/igs023.sv Line: 305
Warning (10036): Verilog HDL or VHDL warning at igs023_bg.sv(60): object "stage_data" assigned a value but never read File: /tmp/h_Arcade-IGSPGM_MiSTer/rtl/igs023_bg.sv Line: 60
Warning (10036): Verilog HDL or VHDL warning at igs023_bg.sv(81): object "toggle" assigned a value but never read File: /tmp/h_Arcade-IGSPGM_MiSTer/rtl/igs023_bg.sv Line: 81
Warning (10230): Verilog HDL assignment warning at igs023_bg.sv(240): truncated value with size 32 to match size of target (3) File: /tmp/h_Arcade-IGSPGM_MiSTer/rtl/igs023_bg.sv Line: 240
Warning (10230): Verilog HDL assignment warning at igs023_bg.sv(245): truncated value with size 32 to match size of target (9) File: /tmp/h_Arcade-IGSPGM_MiSTer/rtl/igs023_bg.sv Line: 245
Warning (10230): Verilog HDL assignment warning at igs023_bg.sv(251): truncated value with size 32 to match size of target (9) File: /tmp/h_Arcade-IGSPGM_MiSTer/rtl/igs023_bg.sv Line: 251
Warning (10230): Verilog HDL assignment warning at igs023_bg.sv(288): truncated value with size 32 to match size of target (8) File: /tmp/h_Arcade-IGSPGM_MiSTer/rtl/igs023_bg.sv Line: 288
Warning (10230): Verilog HDL assignment warning at igs023_bg.sv(293): truncated value with size 32 to match size of target (8) File: /tmp/h_Arcade-IGSPGM_MiSTer/rtl/igs023_bg.sv Line: 293
Warning (10230): Verilog HDL assignment warning at igs023_bg.sv(307): truncated value with size 32 to match size of target (24) File: /tmp/h_Arcade-IGSPGM_MiSTer/rtl/igs023_bg.sv Line: 307
Warning (10230): Verilog HDL assignment warning at igs023_bg.sv(319): truncated value with size 32 to match size of target (24) File: /tmp/h_Arcade-IGSPGM_MiSTer/rtl/igs023_bg.sv Line: 319
Warning (10230): Verilog HDL assignment warning at igs023_bg.sv(329): truncated value with size 32 to match size of target (24) File: /tmp/h_Arcade-IGSPGM_MiSTer/rtl/igs023_bg.sv Line: 329
Warning (10230): Verilog HDL assignment warning at igs023_bg.sv(339): truncated value with size 32 to match size of target (24) File: /tmp/h_Arcade-IGSPGM_MiSTer/rtl/igs023_bg.sv Line: 339
Warning (10230): Verilog HDL assignment warning at igs023_bg.sv(349): truncated value with size 32 to match size of target (24) File: /tmp/h_Arcade-IGSPGM_MiSTer/rtl/igs023_bg.sv Line: 349
Warning (10030): Net "slot_increment.data_a" at igs023_bg.sv(63) has no driver or initial value, using a default initial value '0' File: /tmp/h_Arcade-IGSPGM_MiSTer/rtl/igs023_bg.sv Line: 63
Warning (10030): Net "slot_increment.waddr_a" at igs023_bg.sv(63) has no driver or initial value, using a default initial value '0' File: /tmp/h_Arcade-IGSPGM_MiSTer/rtl/igs023_bg.sv Line: 63
Warning (10030): Net "slot_increment.we_a" at igs023_bg.sv(63) has no driver or initial value, using a default initial value '0' File: /tmp/h_Arcade-IGSPGM_MiSTer/rtl/igs023_bg.sv Line: 63
Info (12128): Elaborating entity "IGS023_Sprite" for hierarchy "emu:emu|PGM:pgm_inst|IGS023:igs023|IGS023_Sprite:sprite" File: /tmp/h_Arcade-IGSPGM_MiSTer/rtl/igs023.sv Line: 338
Warning (10999): Verilog HDL warning at igs023_sprite.sv(117): can't infer memory for variable 'sprite_d2' with attribute '"M10K"'. File: /tmp/h_Arcade-IGSPGM_MiSTer/rtl/igs023_sprite.sv Line: 117
Warning (10036): Verilog HDL or VHDL warning at igs023_sprite.sv(123): object "spr_brom_base_addr" assigned a value but never read File: /tmp/h_Arcade-IGSPGM_MiSTer/rtl/igs023_sprite.sv Line: 123
Warning (10036): Verilog HDL or VHDL warning at igs023_sprite.sv(448): object "frame_draw_lines" assigned a value but never read File: /tmp/h_Arcade-IGSPGM_MiSTer/rtl/igs023_sprite.sv Line: 448
Warning (10036): Verilog HDL or VHDL warning at igs023_sprite.sv(464): object "tmp_1bit" assigned a value but never read File: /tmp/h_Arcade-IGSPGM_MiSTer/rtl/igs023_sprite.sv Line: 464
Warning (10230): Verilog HDL assignment warning at igs023_sprite.sv(487): truncated value with size 32 to match size of target (11) File: /tmp/h_Arcade-IGSPGM_MiSTer/rtl/igs023_sprite.sv Line: 487
Warning (10230): Verilog HDL assignment warning at igs023_sprite.sv(515): truncated value with size 32 to match size of target (23) File: /tmp/h_Arcade-IGSPGM_MiSTer/rtl/igs023_sprite.sv Line: 515
Warning (10230): Verilog HDL assignment warning at igs023_sprite.sv(559): truncated value with size 32 to match size of target (3) File: /tmp/h_Arcade-IGSPGM_MiSTer/rtl/igs023_sprite.sv Line: 559
Warning (10230): Verilog HDL assignment warning at igs023_sprite.sv(561): truncated value with size 32 to match size of target (16) File: /tmp/h_Arcade-IGSPGM_MiSTer/rtl/igs023_sprite.sv Line: 561
Warning (10230): Verilog HDL assignment warning at igs023_sprite.sv(570): truncated value with size 32 to match size of target (9) File: /tmp/h_Arcade-IGSPGM_MiSTer/rtl/igs023_sprite.sv Line: 570
Warning (10230): Verilog HDL assignment warning at igs023_sprite.sv(388): truncated value with size 32 to match size of target (25) File: /tmp/h_Arcade-IGSPGM_MiSTer/rtl/igs023_sprite.sv Line: 388
Warning (10230): Verilog HDL assignment warning at igs023_sprite.sv(786): truncated value with size 32 to match size of target (10) File: /tmp/h_Arcade-IGSPGM_MiSTer/rtl/igs023_sprite.sv Line: 786
Warning (10230): Verilog HDL assignment warning at igs023_sprite.sv(789): truncated value with size 32 to match size of target (9) File: /tmp/h_Arcade-IGSPGM_MiSTer/rtl/igs023_sprite.sv Line: 789
Warning (10230): Verilog HDL assignment warning at igs023_sprite.sv(798): truncated value with size 32 to match size of target (9) File: /tmp/h_Arcade-IGSPGM_MiSTer/rtl/igs023_sprite.sv Line: 798
Warning (10230): Verilog HDL assignment warning at igs023_sprite.sv(799): truncated value with size 32 to match size of target (10) File: /tmp/h_Arcade-IGSPGM_MiSTer/rtl/igs023_sprite.sv Line: 799
Warning (10230): Verilog HDL assignment warning at igs023_sprite.sv(805): truncated value with size 32 to match size of target (16) File: /tmp/h_Arcade-IGSPGM_MiSTer/rtl/igs023_sprite.sv Line: 805
Warning (10230): Verilog HDL assignment warning at igs023_sprite.sv(806): truncated value with size 32 to match size of target (6) File: /tmp/h_Arcade-IGSPGM_MiSTer/rtl/igs023_sprite.sv Line: 806
Warning (10230): Verilog HDL assignment warning at igs023_sprite.sv(825): truncated value with size 32 to match size of target (9) File: /tmp/h_Arcade-IGSPGM_MiSTer/rtl/igs023_sprite.sv Line: 825
Warning (10230): Verilog HDL assignment warning at igs023_sprite.sv(838): truncated value with size 32 to match size of target (8) File: /tmp/h_Arcade-IGSPGM_MiSTer/rtl/igs023_sprite.sv Line: 838
Warning (10230): Verilog HDL assignment warning at igs023_sprite.sv(856): truncated value with size 32 to match size of target (9) File: /tmp/h_Arcade-IGSPGM_MiSTer/rtl/igs023_sprite.sv Line: 856
Warning (10230): Verilog HDL assignment warning at igs023_sprite.sv(867): truncated value with size 32 to match size of target (10) File: /tmp/h_Arcade-IGSPGM_MiSTer/rtl/igs023_sprite.sv Line: 867
Warning (10230): Verilog HDL assignment warning at igs023_sprite.sv(870): truncated value with size 32 to match size of target (9) File: /tmp/h_Arcade-IGSPGM_MiSTer/rtl/igs023_sprite.sv Line: 870
Warning (10230): Verilog HDL assignment warning at igs023_sprite.sv(878): truncated value with size 32 to match size of target (10) File: /tmp/h_Arcade-IGSPGM_MiSTer/rtl/igs023_sprite.sv Line: 878
Warning (10230): Verilog HDL assignment warning at igs023_sprite.sv(879): truncated value with size 32 to match size of target (9) File: /tmp/h_Arcade-IGSPGM_MiSTer/rtl/igs023_sprite.sv Line: 879
Warning (10230): Verilog HDL assignment warning at igs023_sprite.sv(956): truncated value with size 32 to match size of target (16) File: /tmp/h_Arcade-IGSPGM_MiSTer/rtl/igs023_sprite.sv Line: 956
Warning (10230): Verilog HDL assignment warning at igs023_sprite.sv(957): truncated value with size 32 to match size of target (6) File: /tmp/h_Arcade-IGSPGM_MiSTer/rtl/igs023_sprite.sv Line: 957
Info (10264): Verilog HDL Case Statement information at igs023_sprite.sv(1038): all case item expressions in this case statement are onehot File: /tmp/h_Arcade-IGSPGM_MiSTer/rtl/igs023_sprite.sv Line: 1038
Warning (10230): Verilog HDL assignment warning at igs023_sprite.sv(1053): truncated value with size 32 to match size of target (16) File: /tmp/h_Arcade-IGSPGM_MiSTer/rtl/igs023_sprite.sv Line: 1053
Warning (10230): Verilog HDL assignment warning at igs023_sprite.sv(1054): truncated value with size 32 to match size of target (6) File: /tmp/h_Arcade-IGSPGM_MiSTer/rtl/igs023_sprite.sv Line: 1054
Warning (10230): Verilog HDL assignment warning at igs023_sprite.sv(1079): truncated value with size 32 to match size of target (9) File: /tmp/h_Arcade-IGSPGM_MiSTer/rtl/igs023_sprite.sv Line: 1079
Warning (10230): Verilog HDL assignment warning at igs023_sprite.sv(1085): truncated value with size 32 to match size of target (9) File: /tmp/h_Arcade-IGSPGM_MiSTer/rtl/igs023_sprite.sv Line: 1085
Warning (10230): Verilog HDL assignment warning at igs023_sprite.sv(1092): truncated value with size 32 to match size of target (16) File: /tmp/h_Arcade-IGSPGM_MiSTer/rtl/igs023_sprite.sv Line: 1092
Warning (10230): Verilog HDL assignment warning at igs023_sprite.sv(1093): truncated value with size 32 to match size of target (6) File: /tmp/h_Arcade-IGSPGM_MiSTer/rtl/igs023_sprite.sv Line: 1093
Info (12128): Elaborating entity "singleport_ram" for hierarchy "emu:emu|PGM:pgm_inst|IGS023:igs023|IGS023_Sprite:sprite|singleport_ram:flip_cache_ram" File: /tmp/h_Arcade-IGSPGM_MiSTer/rtl/igs023_sprite.sv Line: 184
Info (12128): Elaborating entity "altsyncram" for hierarchy "emu:emu|PGM:pgm_inst|IGS023:igs023|IGS023_Sprite:sprite|singleport_ram:flip_cache_ram|altsyncram:altsyncram_component" File: /tmp/h_Arcade-IGSPGM_MiSTer/rtl/ram.sv Line: 385
Info (12130): Elaborated megafunction instantiation "emu:emu|PGM:pgm_inst|IGS023:igs023|IGS023_Sprite:sprite|singleport_ram:flip_cache_ram|altsyncram:altsyncram_component" File: /tmp/h_Arcade-IGSPGM_MiSTer/rtl/ram.sv Line: 385
Info (12133): Instantiated megafunction "emu:emu|PGM:pgm_inst|IGS023:igs023|IGS023_Sprite:sprite|singleport_ram:flip_cache_ram|altsyncram:altsyncram_component" with the following parameter: File: /tmp/h_Arcade-IGSPGM_MiSTer/rtl/ram.sv Line: 385
    Info (12134): Parameter "clock_enable_input_a" = "BYPASS"
    Info (12134): Parameter "clock_enable_output_a" = "BYPASS"
    Info (12134): Parameter "intended_device_family" = "Cyclone V"
    Info (12134): Parameter "lpm_type" = "altsyncram"
    Info (12134): Parameter "numwords_a" = "256"
    Info (12134): Parameter "operation_mode" = "SINGLE_PORT"
    Info (12134): Parameter "outdata_aclr_a" = "NONE"
    Info (12134): Parameter "outdata_reg_a" = "UNREGISTERED"
    Info (12134): Parameter "power_up_uninitialized" = "FALSE"
    Info (12134): Parameter "ram_block_type" = "M10K"
    Info (12134): Parameter "read_during_write_mode_port_a" = "DONT_CARE"
    Info (12134): Parameter "widthad_a" = "8"
    Info (12134): Parameter "width_a" = "66"
    Info (12134): Parameter "width_byteena_a" = "1"
Info (12021): Found 1 design units, including 1 entities, in source file db/altsyncram_a0l1.tdf
    Info (12023): Found entity 1: altsyncram_a0l1 File: /tmp/h_Arcade-IGSPGM_MiSTer/db/altsyncram_a0l1.tdf Line: 28
Info (12128): Elaborating entity "altsyncram_a0l1" for hierarchy "emu:emu|PGM:pgm_inst|IGS023:igs023|IGS023_Sprite:sprite|singleport_ram:flip_cache_ram|altsyncram:altsyncram_component|altsyncram_a0l1:auto_generated" File: /opt/intelFPGA/17.0/quartus/libraries/megafunctions/altsyncram.tdf Line: 792
Info (12128): Elaborating entity "IGS023_Buffer" for hierarchy "emu:emu|PGM:pgm_inst|IGS023:igs023|IGS023_Sprite:sprite|IGS023_Buffer:line_buffer" File: /tmp/h_Arcade-IGSPGM_MiSTer/rtl/igs023_sprite.sv Line: 1149
Warning (10036): Verilog HDL or VHDL warning at igs023_buffer.sv(153): object "ddr_cache_hits_frame" assigned a value but never read File: /tmp/h_Arcade-IGSPGM_MiSTer/rtl/igs023_buffer.sv Line: 153
Warning (10036): Verilog HDL or VHDL warning at igs023_buffer.sv(154): object "ddr_cache_misses_frame" assigned a value but never read File: /tmp/h_Arcade-IGSPGM_MiSTer/rtl/igs023_buffer.sv Line: 154
Warning (10036): Verilog HDL or VHDL warning at igs023_buffer.sv(160): object "buffer_window_stall_frame" assigned a value but never read File: /tmp/h_Arcade-IGSPGM_MiSTer/rtl/igs023_buffer.sv Line: 160
Warning (10230): Verilog HDL assignment warning at igs023_buffer.sv(126): truncated value with size 32 to match size of target (8) File: /tmp/h_Arcade-IGSPGM_MiSTer/rtl/igs023_buffer.sv Line: 126
Warning (10230): Verilog HDL assignment warning at igs023_buffer.sv(131): truncated value with size 32 to match size of target (9) File: /tmp/h_Arcade-IGSPGM_MiSTer/rtl/igs023_buffer.sv Line: 131
Warning (10230): Verilog HDL assignment warning at igs023_buffer.sv(281): truncated value with size 32 to match size of target (13) File: /tmp/h_Arcade-IGSPGM_MiSTer/rtl/igs023_buffer.sv Line: 281
Warning (10230): Verilog HDL assignment warning at igs023_buffer.sv(334): truncated value with size 32 to match size of target (13) File: /tmp/h_Arcade-IGSPGM_MiSTer/rtl/igs023_buffer.sv Line: 334
Warning (10230): Verilog HDL assignment warning at igs023_buffer.sv(340): truncated value with size 32 to match size of target (13) File: /tmp/h_Arcade-IGSPGM_MiSTer/rtl/igs023_buffer.sv Line: 340
Warning (10230): Verilog HDL assignment warning at igs023_buffer.sv(389): truncated value with size 32 to match size of target (9) File: /tmp/h_Arcade-IGSPGM_MiSTer/rtl/igs023_buffer.sv Line: 389
Warning (10230): Verilog HDL assignment warning at igs023_buffer.sv(404): truncated value with size 32 to match size of target (9) File: /tmp/h_Arcade-IGSPGM_MiSTer/rtl/igs023_buffer.sv Line: 404
Info (12128): Elaborating entity "dualport_ram_unreg" for hierarchy "emu:emu|PGM:pgm_inst|IGS023:igs023|IGS023_Sprite:sprite|IGS023_Buffer:line_buffer|dualport_ram_unreg:write_queue" File: /tmp/h_Arcade-IGSPGM_MiSTer/rtl/igs023_buffer.sv Line: 115
Info (12128): Elaborating entity "altsyncram" for hierarchy "emu:emu|PGM:pgm_inst|IGS023:igs023|IGS023_Sprite:sprite|IGS023_Buffer:line_buffer|dualport_ram_unreg:write_queue|altsyncram:altsyncram_component" File: /tmp/h_Arcade-IGSPGM_MiSTer/rtl/ram.sv Line: 187
Info (12130): Elaborated megafunction instantiation "emu:emu|PGM:pgm_inst|IGS023:igs023|IGS023_Sprite:sprite|IGS023_Buffer:line_buffer|dualport_ram_unreg:write_queue|altsyncram:altsyncram_component" File: /tmp/h_Arcade-IGSPGM_MiSTer/rtl/ram.sv Line: 187
Info (12133): Instantiated megafunction "emu:emu|PGM:pgm_inst|IGS023:igs023|IGS023_Sprite:sprite|IGS023_Buffer:line_buffer|dualport_ram_unreg:write_queue|altsyncram:altsyncram_component" with the following parameter: File: /tmp/h_Arcade-IGSPGM_MiSTer/rtl/ram.sv Line: 187
    Info (12134): Parameter "address_reg_b" = "CLOCK1"
    Info (12134): Parameter "clock_enable_input_a" = "BYPASS"
    Info (12134): Parameter "clock_enable_input_b" = "BYPASS"
    Info (12134): Parameter "clock_enable_output_a" = "BYPASS"
    Info (12134): Parameter "clock_enable_output_b" = "BYPASS"
    Info (12134): Parameter "indata_reg_b" = "CLOCK1"
    Info (12134): Parameter "intended_device_family" = "Cyclone V"
    Info (12134): Parameter "lpm_type" = "altsyncram"
    Info (12134): Parameter "numwords_a" = "4096"
    Info (12134): Parameter "numwords_b" = "4096"
    Info (12134): Parameter "operation_mode" = "BIDIR_DUAL_PORT"
    Info (12134): Parameter "outdata_aclr_a" = "NONE"
    Info (12134): Parameter "outdata_aclr_b" = "NONE"
    Info (12134): Parameter "outdata_reg_a" = "UNREGISTERED"
    Info (12134): Parameter "outdata_reg_b" = "UNREGISTERED"
    Info (12134): Parameter "power_up_uninitialized" = "FALSE"
    Info (12134): Parameter "read_during_write_mode_port_a" = "NEW_DATA_NO_NBE_READ"
    Info (12134): Parameter "read_during_write_mode_port_b" = "NEW_DATA_NO_NBE_READ"
    Info (12134): Parameter "widthad_a" = "12"
    Info (12134): Parameter "widthad_b" = "12"
    Info (12134): Parameter "width_a" = "87"
    Info (12134): Parameter "width_b" = "87"
    Info (12134): Parameter "width_byteena_a" = "1"
    Info (12134): Parameter "width_byteena_b" = "1"
    Info (12134): Parameter "wrcontrol_wraddress_reg_b" = "CLOCK1"
Info (12021): Found 1 design units, including 1 entities, in source file db/altsyncram_nrj2.tdf
    Info (12023): Found entity 1: altsyncram_nrj2 File: /tmp/h_Arcade-IGSPGM_MiSTer/db/altsyncram_nrj2.tdf Line: 28
Info (12128): Elaborating entity "altsyncram_nrj2" for hierarchy "emu:emu|PGM:pgm_inst|IGS023:igs023|IGS023_Sprite:sprite|IGS023_Buffer:line_buffer|dualport_ram_unreg:write_queue|altsyncram:altsyncram_component|altsyncram_nrj2:auto_generated" File: /opt/intelFPGA/17.0/quartus/libraries/megafunctions/altsyncram.tdf Line: 792
Info (12128): Elaborating entity "dualport_ram_unreg" for hierarchy "emu:emu|PGM:pgm_inst|IGS023:igs023|IGS023_Sprite:sprite|IGS023_Buffer:line_buffer|dualport_ram_unreg:ddr_cache_tag" File: /tmp/h_Arcade-IGSPGM_MiSTer/rtl/igs023_buffer.sv Line: 243
Info (12128): Elaborating entity "altsyncram" for hierarchy "emu:emu|PGM:pgm_inst|IGS023:igs023|IGS023_Sprite:sprite|IGS023_Buffer:line_buffer|dualport_ram_unreg:ddr_cache_tag|altsyncram:altsyncram_component" File: /tmp/h_Arcade-IGSPGM_MiSTer/rtl/ram.sv Line: 187
Info (12130): Elaborated megafunction instantiation "emu:emu|PGM:pgm_inst|IGS023:igs023|IGS023_Sprite:sprite|IGS023_Buffer:line_buffer|dualport_ram_unreg:ddr_cache_tag|altsyncram:altsyncram_component" File: /tmp/h_Arcade-IGSPGM_MiSTer/rtl/ram.sv Line: 187
Info (12133): Instantiated megafunction "emu:emu|PGM:pgm_inst|IGS023:igs023|IGS023_Sprite:sprite|IGS023_Buffer:line_buffer|dualport_ram_unreg:ddr_cache_tag|altsyncram:altsyncram_component" with the following parameter: File: /tmp/h_Arcade-IGSPGM_MiSTer/rtl/ram.sv Line: 187
    Info (12134): Parameter "address_reg_b" = "CLOCK1"
    Info (12134): Parameter "clock_enable_input_a" = "BYPASS"
    Info (12134): Parameter "clock_enable_input_b" = "BYPASS"
    Info (12134): Parameter "clock_enable_output_a" = "BYPASS"
    Info (12134): Parameter "clock_enable_output_b" = "BYPASS"
    Info (12134): Parameter "indata_reg_b" = "CLOCK1"
    Info (12134): Parameter "intended_device_family" = "Cyclone V"
    Info (12134): Parameter "lpm_type" = "altsyncram"
    Info (12134): Parameter "numwords_a" = "1024"
    Info (12134): Parameter "numwords_b" = "1024"
    Info (12134): Parameter "operation_mode" = "BIDIR_DUAL_PORT"
    Info (12134): Parameter "outdata_aclr_a" = "NONE"
    Info (12134): Parameter "outdata_aclr_b" = "NONE"
    Info (12134): Parameter "outdata_reg_a" = "UNREGISTERED"
    Info (12134): Parameter "outdata_reg_b" = "UNREGISTERED"
    Info (12134): Parameter "power_up_uninitialized" = "FALSE"
    Info (12134): Parameter "read_during_write_mode_port_a" = "NEW_DATA_NO_NBE_READ"
    Info (12134): Parameter "read_during_write_mode_port_b" = "NEW_DATA_NO_NBE_READ"
    Info (12134): Parameter "widthad_a" = "10"
    Info (12134): Parameter "widthad_b" = "10"
    Info (12134): Parameter "width_a" = "20"
    Info (12134): Parameter "width_b" = "20"
    Info (12134): Parameter "width_byteena_a" = "1"
    Info (12134): Parameter "width_byteena_b" = "1"
    Info (12134): Parameter "wrcontrol_wraddress_reg_b" = "CLOCK1"
Info (12021): Found 1 design units, including 1 entities, in source file db/altsyncram_1qj2.tdf
    Info (12023): Found entity 1: altsyncram_1qj2 File: /tmp/h_Arcade-IGSPGM_MiSTer/db/altsyncram_1qj2.tdf Line: 28
Info (12128): Elaborating entity "altsyncram_1qj2" for hierarchy "emu:emu|PGM:pgm_inst|IGS023:igs023|IGS023_Sprite:sprite|IGS023_Buffer:line_buffer|dualport_ram_unreg:ddr_cache_tag|altsyncram:altsyncram_component|altsyncram_1qj2:auto_generated" File: /opt/intelFPGA/17.0/quartus/libraries/megafunctions/altsyncram.tdf Line: 792
Info (12128): Elaborating entity "dualport_ram_unreg" for hierarchy "emu:emu|PGM:pgm_inst|IGS023:igs023|IGS023_Sprite:sprite|IGS023_Buffer:line_buffer|dualport_ram_unreg:ddr_cache_data" File: /tmp/h_Arcade-IGSPGM_MiSTer/rtl/igs023_buffer.sv Line: 248
Info (12128): Elaborating entity "altsyncram" for hierarchy "emu:emu|PGM:pgm_inst|IGS023:igs023|IGS023_Sprite:sprite|IGS023_Buffer:line_buffer|dualport_ram_unreg:ddr_cache_data|altsyncram:altsyncram_component" File: /tmp/h_Arcade-IGSPGM_MiSTer/rtl/ram.sv Line: 187
Info (12130): Elaborated megafunction instantiation "emu:emu|PGM:pgm_inst|IGS023:igs023|IGS023_Sprite:sprite|IGS023_Buffer:line_buffer|dualport_ram_unreg:ddr_cache_data|altsyncram:altsyncram_component" File: /tmp/h_Arcade-IGSPGM_MiSTer/rtl/ram.sv Line: 187
Info (12133): Instantiated megafunction "emu:emu|PGM:pgm_inst|IGS023:igs023|IGS023_Sprite:sprite|IGS023_Buffer:line_buffer|dualport_ram_unreg:ddr_cache_data|altsyncram:altsyncram_component" with the following parameter: File: /tmp/h_Arcade-IGSPGM_MiSTer/rtl/ram.sv Line: 187
    Info (12134): Parameter "address_reg_b" = "CLOCK1"
    Info (12134): Parameter "clock_enable_input_a" = "BYPASS"
    Info (12134): Parameter "clock_enable_input_b" = "BYPASS"
    Info (12134): Parameter "clock_enable_output_a" = "BYPASS"
    Info (12134): Parameter "clock_enable_output_b" = "BYPASS"
    Info (12134): Parameter "indata_reg_b" = "CLOCK1"
    Info (12134): Parameter "intended_device_family" = "Cyclone V"
    Info (12134): Parameter "lpm_type" = "altsyncram"
    Info (12134): Parameter "numwords_a" = "1024"
    Info (12134): Parameter "numwords_b" = "1024"
    Info (12134): Parameter "operation_mode" = "BIDIR_DUAL_PORT"
    Info (12134): Parameter "outdata_aclr_a" = "NONE"
    Info (12134): Parameter "outdata_aclr_b" = "NONE"
    Info (12134): Parameter "outdata_reg_a" = "UNREGISTERED"
    Info (12134): Parameter "outdata_reg_b" = "UNREGISTERED"
    Info (12134): Parameter "power_up_uninitialized" = "FALSE"
    Info (12134): Parameter "read_during_write_mode_port_a" = "NEW_DATA_NO_NBE_READ"
    Info (12134): Parameter "read_during_write_mode_port_b" = "NEW_DATA_NO_NBE_READ"
    Info (12134): Parameter "widthad_a" = "10"
    Info (12134): Parameter "widthad_b" = "10"
    Info (12134): Parameter "width_a" = "64"
    Info (12134): Parameter "width_b" = "64"
    Info (12134): Parameter "width_byteena_a" = "1"
    Info (12134): Parameter "width_byteena_b" = "1"
    Info (12134): Parameter "wrcontrol_wraddress_reg_b" = "CLOCK1"
Info (12021): Found 1 design units, including 1 entities, in source file db/altsyncram_hqj2.tdf
    Info (12023): Found entity 1: altsyncram_hqj2 File: /tmp/h_Arcade-IGSPGM_MiSTer/db/altsyncram_hqj2.tdf Line: 28
Info (12128): Elaborating entity "altsyncram_hqj2" for hierarchy "emu:emu|PGM:pgm_inst|IGS023:igs023|IGS023_Sprite:sprite|IGS023_Buffer:line_buffer|dualport_ram_unreg:ddr_cache_data|altsyncram:altsyncram_component|altsyncram_hqj2:auto_generated" File: /opt/intelFPGA/17.0/quartus/libraries/megafunctions/altsyncram.tdf Line: 792
Info (12128): Elaborating entity "dualport_ram_unreg" for hierarchy "emu:emu|PGM:pgm_inst|IGS023:igs023|IGS023_Sprite:sprite|IGS023_Buffer:line_buffer|dualport_ram_unreg:gen_line_buf[0].line_buf_inst" File: /tmp/h_Arcade-IGSPGM_MiSTer/rtl/igs023_buffer.sv Line: 373
Info (12128): Elaborating entity "altsyncram" for hierarchy "emu:emu|PGM:pgm_inst|IGS023:igs023|IGS023_Sprite:sprite|IGS023_Buffer:line_buffer|dualport_ram_unreg:gen_line_buf[0].line_buf_inst|altsyncram:altsyncram_component" File: /tmp/h_Arcade-IGSPGM_MiSTer/rtl/ram.sv Line: 187
Info (12130): Elaborated megafunction instantiation "emu:emu|PGM:pgm_inst|IGS023:igs023|IGS023_Sprite:sprite|IGS023_Buffer:line_buffer|dualport_ram_unreg:gen_line_buf[0].line_buf_inst|altsyncram:altsyncram_component" File: /tmp/h_Arcade-IGSPGM_MiSTer/rtl/ram.sv Line: 187
Info (12133): Instantiated megafunction "emu:emu|PGM:pgm_inst|IGS023:igs023|IGS023_Sprite:sprite|IGS023_Buffer:line_buffer|dualport_ram_unreg:gen_line_buf[0].line_buf_inst|altsyncram:altsyncram_component" with the following parameter: File: /tmp/h_Arcade-IGSPGM_MiSTer/rtl/ram.sv Line: 187
    Info (12134): Parameter "address_reg_b" = "CLOCK1"
    Info (12134): Parameter "clock_enable_input_a" = "BYPASS"
    Info (12134): Parameter "clock_enable_input_b" = "BYPASS"
    Info (12134): Parameter "clock_enable_output_a" = "BYPASS"
    Info (12134): Parameter "clock_enable_output_b" = "BYPASS"
    Info (12134): Parameter "indata_reg_b" = "CLOCK1"
    Info (12134): Parameter "intended_device_family" = "Cyclone V"
    Info (12134): Parameter "lpm_type" = "altsyncram"
    Info (12134): Parameter "numwords_a" = "512"
    Info (12134): Parameter "numwords_b" = "512"
    Info (12134): Parameter "operation_mode" = "BIDIR_DUAL_PORT"
    Info (12134): Parameter "outdata_aclr_a" = "NONE"
    Info (12134): Parameter "outdata_aclr_b" = "NONE"
    Info (12134): Parameter "outdata_reg_a" = "UNREGISTERED"
    Info (12134): Parameter "outdata_reg_b" = "UNREGISTERED"
    Info (12134): Parameter "power_up_uninitialized" = "FALSE"
    Info (12134): Parameter "read_during_write_mode_port_a" = "NEW_DATA_NO_NBE_READ"
    Info (12134): Parameter "read_during_write_mode_port_b" = "NEW_DATA_NO_NBE_READ"
    Info (12134): Parameter "widthad_a" = "9"
    Info (12134): Parameter "widthad_b" = "9"
    Info (12134): Parameter "width_a" = "12"
    Info (12134): Parameter "width_b" = "12"
    Info (12134): Parameter "width_byteena_a" = "1"
    Info (12134): Parameter "width_byteena_b" = "1"
    Info (12134): Parameter "wrcontrol_wraddress_reg_b" = "CLOCK1"
Info (12021): Found 1 design units, including 1 entities, in source file db/altsyncram_lkj2.tdf
    Info (12023): Found entity 1: altsyncram_lkj2 File: /tmp/h_Arcade-IGSPGM_MiSTer/db/altsyncram_lkj2.tdf Line: 28
Info (12128): Elaborating entity "altsyncram_lkj2" for hierarchy "emu:emu|PGM:pgm_inst|IGS023:igs023|IGS023_Sprite:sprite|IGS023_Buffer:line_buffer|dualport_ram_unreg:gen_line_buf[0].line_buf_inst|altsyncram:altsyncram_component|altsyncram_lkj2:auto_generated" File: /opt/intelFPGA/17.0/quartus/libraries/megafunctions/altsyncram.tdf Line: 792
Info (12128): Elaborating entity "audio_rom_cache" for hierarchy "emu:emu|PGM:pgm_inst|audio_rom_cache:audio_rom_cache" File: /tmp/h_Arcade-IGSPGM_MiSTer/rtl/PGM.sv Line: 879
Info (12128): Elaborating entity "IGS026_X" for hierarchy "emu:emu|PGM:pgm_inst|IGS026_X:igs026_x" File: /tmp/h_Arcade-IGSPGM_MiSTer/rtl/PGM.sv Line: 931
Warning (10036): Verilog HDL or VHDL warning at igs026_x.sv(85): object "z80_ics2115_access" assigned a value but never read File: /tmp/h_Arcade-IGSPGM_MiSTer/rtl/igs026_x.sv Line: 85
Warning (10270): Verilog HDL Case Statement warning at igs026_x.sv(146): incomplete case statement has no default case item File: /tmp/h_Arcade-IGSPGM_MiSTer/rtl/igs026_x.sv Line: 146
Warning (10762): Verilog HDL Case Statement warning at igs026_x.sv(174): can't check case statement for completeness because the case expression has too many possible states File: /tmp/h_Arcade-IGSPGM_MiSTer/rtl/igs026_x.sv Line: 174
Warning (10762): Verilog HDL Case Statement warning at igs026_x.sv(185): can't check case statement for completeness because the case expression has too many possible states File: /tmp/h_Arcade-IGSPGM_MiSTer/rtl/igs026_x.sv Line: 185
Info (12128): Elaborating entity "pgm_asic3" for hierarchy "emu:emu|PGM:pgm_inst|pgm_asic3:asic3" File: /tmp/h_Arcade-IGSPGM_MiSTer/rtl/PGM.sv Line: 947
Warning (10762): Verilog HDL Case Statement warning at pgm_asic3.sv(197): can't check case statement for completeness because the case expression has too many possible states File: /tmp/h_Arcade-IGSPGM_MiSTer/rtl/pgm_asic3.sv Line: 197
Warning (10762): Verilog HDL Case Statement warning at pgm_asic3.sv(204): can't check case statement for completeness because the case expression has too many possible states File: /tmp/h_Arcade-IGSPGM_MiSTer/rtl/pgm_asic3.sv Line: 204
Warning (10027): Verilog HDL or VHDL warning at the pgm_asic3.sv(57): index expression is not wide enough to address all of the elements in the array File: /tmp/h_Arcade-IGSPGM_MiSTer/rtl/pgm_asic3.sv Line: 57
Info (12128): Elaborating entity "prot_cache" for hierarchy "emu:emu|PGM:pgm_inst|prot_cache:prot_cache" File: /tmp/h_Arcade-IGSPGM_MiSTer/rtl/PGM.sv Line: 984
Info (12128): Elaborating entity "dualport_ram_be" for hierarchy "emu:emu|PGM:pgm_inst|prot_cache:prot_cache|dualport_ram_be:cache_data" File: /tmp/h_Arcade-IGSPGM_MiSTer/rtl/prot_cache.sv Line: 79
Info (12128): Elaborating entity "altsyncram" for hierarchy "emu:emu|PGM:pgm_inst|prot_cache:prot_cache|dualport_ram_be:cache_data|altsyncram:altsyncram_component" File: /tmp/h_Arcade-IGSPGM_MiSTer/rtl/ram.sv Line: 299
Info (12130): Elaborated megafunction instantiation "emu:emu|PGM:pgm_inst|prot_cache:prot_cache|dualport_ram_be:cache_data|altsyncram:altsyncram_component" File: /tmp/h_Arcade-IGSPGM_MiSTer/rtl/ram.sv Line: 299
Info (12133): Instantiated megafunction "emu:emu|PGM:pgm_inst|prot_cache:prot_cache|dualport_ram_be:cache_data|altsyncram:altsyncram_component" with the following parameter: File: /tmp/h_Arcade-IGSPGM_MiSTer/rtl/ram.sv Line: 299
    Info (12134): Parameter "address_reg_b" = "CLOCK1"
    Info (12134): Parameter "byteena_reg_b" = "CLOCK1"
    Info (12134): Parameter "byte_size" = "8"
    Info (12134): Parameter "clock_enable_input_a" = "BYPASS"
    Info (12134): Parameter "clock_enable_input_b" = "BYPASS"
    Info (12134): Parameter "clock_enable_output_a" = "BYPASS"
    Info (12134): Parameter "clock_enable_output_b" = "BYPASS"
    Info (12134): Parameter "indata_reg_b" = "CLOCK1"
    Info (12134): Parameter "intended_device_family" = "Cyclone V"
    Info (12134): Parameter "lpm_type" = "altsyncram"
    Info (12134): Parameter "numwords_a" = "4096"
    Info (12134): Parameter "numwords_b" = "4096"
    Info (12134): Parameter "operation_mode" = "BIDIR_DUAL_PORT"
    Info (12134): Parameter "outdata_aclr_a" = "NONE"
    Info (12134): Parameter "outdata_aclr_b" = "NONE"
    Info (12134): Parameter "outdata_reg_a" = "UNREGISTERED"
    Info (12134): Parameter "outdata_reg_b" = "UNREGISTERED"
    Info (12134): Parameter "power_up_uninitialized" = "FALSE"
    Info (12134): Parameter "read_during_write_mode_port_a" = "NEW_DATA_NO_NBE_READ"
    Info (12134): Parameter "read_during_write_mode_port_b" = "NEW_DATA_NO_NBE_READ"
    Info (12134): Parameter "widthad_a" = "12"
    Info (12134): Parameter "widthad_b" = "12"
    Info (12134): Parameter "width_a" = "32"
    Info (12134): Parameter "width_b" = "32"
    Info (12134): Parameter "width_byteena_a" = "4"
    Info (12134): Parameter "width_byteena_b" = "4"
    Info (12134): Parameter "wrcontrol_wraddress_reg_b" = "CLOCK1"
Info (12021): Found 1 design units, including 1 entities, in source file db/altsyncram_1so2.tdf
    Info (12023): Found entity 1: altsyncram_1so2 File: /tmp/h_Arcade-IGSPGM_MiSTer/db/altsyncram_1so2.tdf Line: 28
Info (12128): Elaborating entity "altsyncram_1so2" for hierarchy "emu:emu|PGM:pgm_inst|prot_cache:prot_cache|dualport_ram_be:cache_data|altsyncram:altsyncram_component|altsyncram_1so2:auto_generated" File: /opt/intelFPGA/17.0/quartus/libraries/megafunctions/altsyncram.tdf Line: 792
Info (12128): Elaborating entity "dualport_ram_unreg" for hierarchy "emu:emu|PGM:pgm_inst|prot_cache:prot_cache|dualport_ram_unreg:ctag_ram" File: /tmp/h_Arcade-IGSPGM_MiSTer/rtl/prot_cache.sv Line: 87
Info (12128): Elaborating entity "altsyncram" for hierarchy "emu:emu|PGM:pgm_inst|prot_cache:prot_cache|dualport_ram_unreg:ctag_ram|altsyncram:altsyncram_component" File: /tmp/h_Arcade-IGSPGM_MiSTer/rtl/ram.sv Line: 187
Info (12130): Elaborated megafunction instantiation "emu:emu|PGM:pgm_inst|prot_cache:prot_cache|dualport_ram_unreg:ctag_ram|altsyncram:altsyncram_component" File: /tmp/h_Arcade-IGSPGM_MiSTer/rtl/ram.sv Line: 187
Info (12133): Instantiated megafunction "emu:emu|PGM:pgm_inst|prot_cache:prot_cache|dualport_ram_unreg:ctag_ram|altsyncram:altsyncram_component" with the following parameter: File: /tmp/h_Arcade-IGSPGM_MiSTer/rtl/ram.sv Line: 187
    Info (12134): Parameter "address_reg_b" = "CLOCK1"
    Info (12134): Parameter "clock_enable_input_a" = "BYPASS"
    Info (12134): Parameter "clock_enable_input_b" = "BYPASS"
    Info (12134): Parameter "clock_enable_output_a" = "BYPASS"
    Info (12134): Parameter "clock_enable_output_b" = "BYPASS"
    Info (12134): Parameter "indata_reg_b" = "CLOCK1"
    Info (12134): Parameter "intended_device_family" = "Cyclone V"
    Info (12134): Parameter "lpm_type" = "altsyncram"
    Info (12134): Parameter "numwords_a" = "512"
    Info (12134): Parameter "numwords_b" = "512"
    Info (12134): Parameter "operation_mode" = "BIDIR_DUAL_PORT"
    Info (12134): Parameter "outdata_aclr_a" = "NONE"
    Info (12134): Parameter "outdata_aclr_b" = "NONE"
    Info (12134): Parameter "outdata_reg_a" = "UNREGISTERED"
    Info (12134): Parameter "outdata_reg_b" = "UNREGISTERED"
    Info (12134): Parameter "power_up_uninitialized" = "FALSE"
    Info (12134): Parameter "read_during_write_mode_port_a" = "NEW_DATA_NO_NBE_READ"
    Info (12134): Parameter "read_during_write_mode_port_b" = "NEW_DATA_NO_NBE_READ"
    Info (12134): Parameter "widthad_a" = "9"
    Info (12134): Parameter "widthad_b" = "9"
    Info (12134): Parameter "width_a" = "18"
    Info (12134): Parameter "width_b" = "18"
    Info (12134): Parameter "width_byteena_a" = "1"
    Info (12134): Parameter "width_byteena_b" = "1"
    Info (12134): Parameter "wrcontrol_wraddress_reg_b" = "CLOCK1"
Info (12021): Found 1 design units, including 1 entities, in source file db/altsyncram_1lj2.tdf
    Info (12023): Found entity 1: altsyncram_1lj2 File: /tmp/h_Arcade-IGSPGM_MiSTer/db/altsyncram_1lj2.tdf Line: 28
Info (12128): Elaborating entity "altsyncram_1lj2" for hierarchy "emu:emu|PGM:pgm_inst|prot_cache:prot_cache|dualport_ram_unreg:ctag_ram|altsyncram:altsyncram_component|altsyncram_1lj2:auto_generated" File: /opt/intelFPGA/17.0/quartus/libraries/megafunctions/altsyncram.tdf Line: 792
Info (12128): Elaborating entity "igs025" for hierarchy "emu:emu|PGM:pgm_inst|igs025:igs025" File: /tmp/h_Arcade-IGSPGM_MiSTer/rtl/PGM.sv Line: 1006
Warning (10762): Verilog HDL Case Statement warning at igs025.sv(160): can't check case statement for completeness because the case expression has too many possible states File: /tmp/h_Arcade-IGSPGM_MiSTer/rtl/igs025.sv Line: 160
Warning (10762): Verilog HDL Case Statement warning at igs025.sv(168): can't check case statement for completeness because the case expression has too many possible states File: /tmp/h_Arcade-IGSPGM_MiSTer/rtl/igs025.sv Line: 168
Info (12128): Elaborating entity "igs025_src_tables" for hierarchy "emu:emu|PGM:pgm_inst|igs025:igs025|igs025_src_tables:tables" File: /tmp/h_Arcade-IGSPGM_MiSTer/rtl/igs025.sv Line: 101
Warning (10030): Net "mem.data_a" at igs025_src_tables.sv(11) has no driver or initial value, using a default initial value '0' File: /tmp/h_Arcade-IGSPGM_MiSTer/rtl/igs025_src_tables.sv Line: 11
Warning (10030): Net "mem.waddr_a" at igs025_src_tables.sv(11) has no driver or initial value, using a default initial value '0' File: /tmp/h_Arcade-IGSPGM_MiSTer/rtl/igs025_src_tables.sv Line: 11
Warning (10030): Net "mem.we_a" at igs025_src_tables.sv(11) has no driver or initial value, using a default initial value '0' File: /tmp/h_Arcade-IGSPGM_MiSTer/rtl/igs025_src_tables.sv Line: 11
Info (12128): Elaborating entity "igs022" for hierarchy "emu:emu|PGM:pgm_inst|igs022:igs022" File: /tmp/h_Arcade-IGSPGM_MiSTer/rtl/PGM.sv Line: 1036
Info (10264): Verilog HDL Case Statement information at igs022.sv(266): all case item expressions in this case statement are onehot File: /tmp/h_Arcade-IGSPGM_MiSTer/rtl/igs022.sv Line: 266
Info (12128): Elaborating entity "ram_ss_adaptor" for hierarchy "emu:emu|PGM:pgm_inst|igs022:igs022|ram_ss_adaptor:sram_hi_ss" File: /tmp/h_Arcade-IGSPGM_MiSTer/rtl/igs022.sv Line: 61
Warning (10036): Verilog HDL or VHDL warning at ram.sv(44): object "SIZE" assigned a value but never read File: /tmp/h_Arcade-IGSPGM_MiSTer/rtl/ram.sv Line: 44
Info (12128): Elaborating entity "ram_ss_adaptor" for hierarchy "emu:emu|PGM:pgm_inst|igs022:igs022|ram_ss_adaptor:sram_lo_ss" File: /tmp/h_Arcade-IGSPGM_MiSTer/rtl/igs022.sv Line: 67
Warning (10036): Verilog HDL or VHDL warning at ram.sv(44): object "SIZE" assigned a value but never read File: /tmp/h_Arcade-IGSPGM_MiSTer/rtl/ram.sv Line: 44
Info (12128): Elaborating entity "dualport_ram_unreg" for hierarchy "emu:emu|PGM:pgm_inst|igs022:igs022|dualport_ram_unreg:sharedram_hi" File: /tmp/h_Arcade-IGSPGM_MiSTer/rtl/igs022.sv Line: 72
Info (12128): Elaborating entity "altsyncram" for hierarchy "emu:emu|PGM:pgm_inst|igs022:igs022|dualport_ram_unreg:sharedram_hi|altsyncram:altsyncram_component" File: /tmp/h_Arcade-IGSPGM_MiSTer/rtl/ram.sv Line: 187
Info (12130): Elaborated megafunction instantiation "emu:emu|PGM:pgm_inst|igs022:igs022|dualport_ram_unreg:sharedram_hi|altsyncram:altsyncram_component" File: /tmp/h_Arcade-IGSPGM_MiSTer/rtl/ram.sv Line: 187
Info (12133): Instantiated megafunction "emu:emu|PGM:pgm_inst|igs022:igs022|dualport_ram_unreg:sharedram_hi|altsyncram:altsyncram_component" with the following parameter: File: /tmp/h_Arcade-IGSPGM_MiSTer/rtl/ram.sv Line: 187
    Info (12134): Parameter "address_reg_b" = "CLOCK1"
    Info (12134): Parameter "clock_enable_input_a" = "BYPASS"
    Info (12134): Parameter "clock_enable_input_b" = "BYPASS"
    Info (12134): Parameter "clock_enable_output_a" = "BYPASS"
    Info (12134): Parameter "clock_enable_output_b" = "BYPASS"
    Info (12134): Parameter "indata_reg_b" = "CLOCK1"
    Info (12134): Parameter "intended_device_family" = "Cyclone V"
    Info (12134): Parameter "lpm_type" = "altsyncram"
    Info (12134): Parameter "numwords_a" = "8192"
    Info (12134): Parameter "numwords_b" = "8192"
    Info (12134): Parameter "operation_mode" = "BIDIR_DUAL_PORT"
    Info (12134): Parameter "outdata_aclr_a" = "NONE"
    Info (12134): Parameter "outdata_aclr_b" = "NONE"
    Info (12134): Parameter "outdata_reg_a" = "UNREGISTERED"
    Info (12134): Parameter "outdata_reg_b" = "UNREGISTERED"
    Info (12134): Parameter "power_up_uninitialized" = "FALSE"
    Info (12134): Parameter "read_during_write_mode_port_a" = "NEW_DATA_NO_NBE_READ"
    Info (12134): Parameter "read_during_write_mode_port_b" = "NEW_DATA_NO_NBE_READ"
    Info (12134): Parameter "widthad_a" = "13"
    Info (12134): Parameter "widthad_b" = "13"
    Info (12134): Parameter "width_a" = "8"
    Info (12134): Parameter "width_b" = "8"
    Info (12134): Parameter "width_byteena_a" = "1"
    Info (12134): Parameter "width_byteena_b" = "1"
    Info (12134): Parameter "wrcontrol_wraddress_reg_b" = "CLOCK1"
Info (12021): Found 1 design units, including 1 entities, in source file db/altsyncram_doj2.tdf
    Info (12023): Found entity 1: altsyncram_doj2 File: /tmp/h_Arcade-IGSPGM_MiSTer/db/altsyncram_doj2.tdf Line: 28
Info (12128): Elaborating entity "altsyncram_doj2" for hierarchy "emu:emu|PGM:pgm_inst|igs022:igs022|dualport_ram_unreg:sharedram_hi|altsyncram:altsyncram_component|altsyncram_doj2:auto_generated" File: /opt/intelFPGA/17.0/quartus/libraries/megafunctions/altsyncram.tdf Line: 792
Info (12128): Elaborating entity "dualport_ram_unreg" for hierarchy "emu:emu|PGM:pgm_inst|igs022:igs022|dualport_ram_unreg:regs" File: /tmp/h_Arcade-IGSPGM_MiSTer/rtl/igs022.sv Line: 228
Info (12128): Elaborating entity "altsyncram" for hierarchy "emu:emu|PGM:pgm_inst|igs022:igs022|dualport_ram_unreg:regs|altsyncram:altsyncram_component" File: /tmp/h_Arcade-IGSPGM_MiSTer/rtl/ram.sv Line: 187
Info (12130): Elaborated megafunction instantiation "emu:emu|PGM:pgm_inst|igs022:igs022|dualport_ram_unreg:regs|altsyncram:altsyncram_component" File: /tmp/h_Arcade-IGSPGM_MiSTer/rtl/ram.sv Line: 187
Info (12133): Instantiated megafunction "emu:emu|PGM:pgm_inst|igs022:igs022|dualport_ram_unreg:regs|altsyncram:altsyncram_component" with the following parameter: File: /tmp/h_Arcade-IGSPGM_MiSTer/rtl/ram.sv Line: 187
    Info (12134): Parameter "address_reg_b" = "CLOCK1"
    Info (12134): Parameter "clock_enable_input_a" = "BYPASS"
    Info (12134): Parameter "clock_enable_input_b" = "BYPASS"
    Info (12134): Parameter "clock_enable_output_a" = "BYPASS"
    Info (12134): Parameter "clock_enable_output_b" = "BYPASS"
    Info (12134): Parameter "indata_reg_b" = "CLOCK1"
    Info (12134): Parameter "intended_device_family" = "Cyclone V"
    Info (12134): Parameter "lpm_type" = "altsyncram"
    Info (12134): Parameter "numwords_a" = "1024"
    Info (12134): Parameter "numwords_b" = "1024"
    Info (12134): Parameter "operation_mode" = "BIDIR_DUAL_PORT"
    Info (12134): Parameter "outdata_aclr_a" = "NONE"
    Info (12134): Parameter "outdata_aclr_b" = "NONE"
    Info (12134): Parameter "outdata_reg_a" = "UNREGISTERED"
    Info (12134): Parameter "outdata_reg_b" = "UNREGISTERED"
    Info (12134): Parameter "power_up_uninitialized" = "FALSE"
    Info (12134): Parameter "read_during_write_mode_port_a" = "NEW_DATA_NO_NBE_READ"
    Info (12134): Parameter "read_during_write_mode_port_b" = "NEW_DATA_NO_NBE_READ"
    Info (12134): Parameter "widthad_a" = "10"
    Info (12134): Parameter "widthad_b" = "10"
    Info (12134): Parameter "width_a" = "32"
    Info (12134): Parameter "width_b" = "32"
    Info (12134): Parameter "width_byteena_a" = "1"
    Info (12134): Parameter "width_byteena_b" = "1"
    Info (12134): Parameter "wrcontrol_wraddress_reg_b" = "CLOCK1"
Info (12021): Found 1 design units, including 1 entities, in source file db/altsyncram_7qj2.tdf
    Info (12023): Found entity 1: altsyncram_7qj2 File: /tmp/h_Arcade-IGSPGM_MiSTer/db/altsyncram_7qj2.tdf Line: 28
Info (12128): Elaborating entity "altsyncram_7qj2" for hierarchy "emu:emu|PGM:pgm_inst|igs022:igs022|dualport_ram_unreg:regs|altsyncram:altsyncram_component|altsyncram_7qj2:auto_generated" File: /opt/intelFPGA/17.0/quartus/libraries/megafunctions/altsyncram.tdf Line: 792
Info (12128): Elaborating entity "dualport_ram_unreg" for hierarchy "emu:emu|PGM:pgm_inst|igs022:igs022|dualport_ram_unreg:stack" File: /tmp/h_Arcade-IGSPGM_MiSTer/rtl/igs022.sv Line: 232
Info (12128): Elaborating entity "altsyncram" for hierarchy "emu:emu|PGM:pgm_inst|igs022:igs022|dualport_ram_unreg:stack|altsyncram:altsyncram_component" File: /tmp/h_Arcade-IGSPGM_MiSTer/rtl/ram.sv Line: 187
Info (12130): Elaborated megafunction instantiation "emu:emu|PGM:pgm_inst|igs022:igs022|dualport_ram_unreg:stack|altsyncram:altsyncram_component" File: /tmp/h_Arcade-IGSPGM_MiSTer/rtl/ram.sv Line: 187
Info (12133): Instantiated megafunction "emu:emu|PGM:pgm_inst|igs022:igs022|dualport_ram_unreg:stack|altsyncram:altsyncram_component" with the following parameter: File: /tmp/h_Arcade-IGSPGM_MiSTer/rtl/ram.sv Line: 187
    Info (12134): Parameter "address_reg_b" = "CLOCK1"
    Info (12134): Parameter "clock_enable_input_a" = "BYPASS"
    Info (12134): Parameter "clock_enable_input_b" = "BYPASS"
    Info (12134): Parameter "clock_enable_output_a" = "BYPASS"
    Info (12134): Parameter "clock_enable_output_b" = "BYPASS"
    Info (12134): Parameter "indata_reg_b" = "CLOCK1"
    Info (12134): Parameter "intended_device_family" = "Cyclone V"
    Info (12134): Parameter "lpm_type" = "altsyncram"
    Info (12134): Parameter "numwords_a" = "256"
    Info (12134): Parameter "numwords_b" = "256"
    Info (12134): Parameter "operation_mode" = "BIDIR_DUAL_PORT"
    Info (12134): Parameter "outdata_aclr_a" = "NONE"
    Info (12134): Parameter "outdata_aclr_b" = "NONE"
    Info (12134): Parameter "outdata_reg_a" = "UNREGISTERED"
    Info (12134): Parameter "outdata_reg_b" = "UNREGISTERED"
    Info (12134): Parameter "power_up_uninitialized" = "FALSE"
    Info (12134): Parameter "read_during_write_mode_port_a" = "NEW_DATA_NO_NBE_READ"
    Info (12134): Parameter "read_during_write_mode_port_b" = "NEW_DATA_NO_NBE_READ"
    Info (12134): Parameter "widthad_a" = "8"
    Info (12134): Parameter "widthad_b" = "8"
    Info (12134): Parameter "width_a" = "32"
    Info (12134): Parameter "width_b" = "32"
    Info (12134): Parameter "width_byteena_a" = "1"
    Info (12134): Parameter "width_byteena_b" = "1"
    Info (12134): Parameter "wrcontrol_wraddress_reg_b" = "CLOCK1"
Info (12021): Found 1 design units, including 1 entities, in source file db/altsyncram_2lj2.tdf
    Info (12023): Found entity 1: altsyncram_2lj2 File: /tmp/h_Arcade-IGSPGM_MiSTer/db/altsyncram_2lj2.tdf Line: 28
Info (12128): Elaborating entity "altsyncram_2lj2" for hierarchy "emu:emu|PGM:pgm_inst|igs022:igs022|dualport_ram_unreg:stack|altsyncram:altsyncram_component|altsyncram_2lj2:auto_generated" File: /opt/intelFPGA/17.0/quartus/libraries/megafunctions/altsyncram.tdf Line: 792
Info (12128): Elaborating entity "igs027a" for hierarchy "emu:emu|PGM:pgm_inst|igs027a:igs027a" File: /tmp/h_Arcade-IGSPGM_MiSTer/rtl/PGM.sv Line: 1155
Warning (10036): Verilog HDL or VHDL warning at igs027a.sv(84): object "arm_rdata_dbg" assigned a value but never read File: /tmp/h_Arcade-IGSPGM_MiSTer/rtl/igs027a.sv Line: 84
Warning (10036): Verilog HDL or VHDL warning at igs027a.sv(85): object "arm_wdata_dbg" assigned a value but never read File: /tmp/h_Arcade-IGSPGM_MiSTer/rtl/igs027a.sv Line: 85
Warning (10036): Verilog HDL or VHDL warning at igs027a.sv(172): object "dbg_lr" assigned a value but never read File: /tmp/h_Arcade-IGSPGM_MiSTer/rtl/igs027a.sv Line: 172
Warning (10036): Verilog HDL or VHDL warning at igs027a.sv(173): object "dbg_sp" assigned a value but never read File: /tmp/h_Arcade-IGSPGM_MiSTer/rtl/igs027a.sv Line: 173
Warning (10036): Verilog HDL or VHDL warning at igs027a.sv(174): object "dbg_r0" assigned a value but never read File: /tmp/h_Arcade-IGSPGM_MiSTer/rtl/igs027a.sv Line: 174
Warning (10036): Verilog HDL or VHDL warning at igs027a.sv(175): object "dbg_r1" assigned a value but never read File: /tmp/h_Arcade-IGSPGM_MiSTer/rtl/igs027a.sv Line: 175
Warning (10036): Verilog HDL or VHDL warning at igs027a.sv(176): object "dbg_r2" assigned a value but never read File: /tmp/h_Arcade-IGSPGM_MiSTer/rtl/igs027a.sv Line: 176
Warning (10036): Verilog HDL or VHDL warning at igs027a.sv(177): object "dbg_r3" assigned a value but never read File: /tmp/h_Arcade-IGSPGM_MiSTer/rtl/igs027a.sv Line: 177
Warning (10036): Verilog HDL or VHDL warning at igs027a.sv(178): object "dbg_r4" assigned a value but never read File: /tmp/h_Arcade-IGSPGM_MiSTer/rtl/igs027a.sv Line: 178
Warning (10036): Verilog HDL or VHDL warning at igs027a.sv(179): object "dbg_r5" assigned a value but never read File: /tmp/h_Arcade-IGSPGM_MiSTer/rtl/igs027a.sv Line: 179
Warning (10036): Verilog HDL or VHDL warning at igs027a.sv(180): object "dbg_r6" assigned a value but never read File: /tmp/h_Arcade-IGSPGM_MiSTer/rtl/igs027a.sv Line: 180
Warning (10036): Verilog HDL or VHDL warning at igs027a.sv(181): object "dbg_r7" assigned a value but never read File: /tmp/h_Arcade-IGSPGM_MiSTer/rtl/igs027a.sv Line: 181
Warning (10036): Verilog HDL or VHDL warning at igs027a.sv(182): object "dbg_r12" assigned a value but never read File: /tmp/h_Arcade-IGSPGM_MiSTer/rtl/igs027a.sv Line: 182
Warning (10036): Verilog HDL or VHDL warning at igs027a.sv(183): object "dbg_we" assigned a value but never read File: /tmp/h_Arcade-IGSPGM_MiSTer/rtl/igs027a.sv Line: 183
Warning (10036): Verilog HDL or VHDL warning at igs027a.sv(184): object "dbg_mreq" assigned a value but never read File: /tmp/h_Arcade-IGSPGM_MiSTer/rtl/igs027a.sv Line: 184
Warning (10036): Verilog HDL or VHDL warning at igs027a.sv(185): object "dbg_cpsr_pub" assigned a value but never read File: /tmp/h_Arcade-IGSPGM_MiSTer/rtl/igs027a.sv Line: 185
Warning (10036): Verilog HDL or VHDL warning at igs027a.sv(216): object "sel_bsel" assigned a value but never read File: /tmp/h_Arcade-IGSPGM_MiSTer/rtl/igs027a.sv Line: 216
Warning (10036): Verilog HDL or VHDL warning at igs027a.sv(219): object "iram_idx" assigned a value but never read File: /tmp/h_Arcade-IGSPGM_MiSTer/rtl/igs027a.sv Line: 219
Warning (10036): Verilog HDL or VHDL warning at igs027a.sv(220): object "xor_idx" assigned a value but never read File: /tmp/h_Arcade-IGSPGM_MiSTer/rtl/igs027a.sv Line: 220
Warning (10036): Verilog HDL or VHDL warning at igs027a.sv(221): object "share_idx" assigned a value but never read File: /tmp/h_Arcade-IGSPGM_MiSTer/rtl/igs027a.sv Line: 221
Warning (10036): Verilog HDL or VHDL warning at igs027a.sv(340): object "wiram_idx" assigned a value but never read File: /tmp/h_Arcade-IGSPGM_MiSTer/rtl/igs027a.sv Line: 340
Warning (10036): Verilog HDL or VHDL warning at igs027a.sv(342): object "wshare_idx" assigned a value but never read File: /tmp/h_Arcade-IGSPGM_MiSTer/rtl/igs027a.sv Line: 342
Warning (10036): Verilog HDL or VHDL warning at igs027a.sv(552): object "ss_share_q" assigned a value but never read File: /tmp/h_Arcade-IGSPGM_MiSTer/rtl/igs027a.sv Line: 552
Warning (10762): Verilog HDL Case Statement warning at igs027a.sv(647): can't check case statement for completeness because the case expression has too many possible states File: /tmp/h_Arcade-IGSPGM_MiSTer/rtl/igs027a.sv Line: 647
Warning (10762): Verilog HDL Case Statement warning at igs027a.sv(657): can't check case statement for completeness because the case expression has too many possible states File: /tmp/h_Arcade-IGSPGM_MiSTer/rtl/igs027a.sv Line: 657
Info (12128): Elaborating entity "ARM7TDMI" for hierarchy "emu:emu|PGM:pgm_inst|igs027a:igs027a|ARM7TDMI:arm" File: /tmp/h_Arcade-IGSPGM_MiSTer/rtl/igs027a.sv Line: 166
Warning (10036): Verilog HDL or VHDL warning at ARM7TDMI.sv(93): object "io_mem_ABORT_0" assigned a value but never read File: /tmp/h_Arcade-IGSPGM_MiSTer/rtl/gamebub-arm/generated/ARM7TDMI.sv Line: 93
Warning (10036): Verilog HDL or VHDL warning at ARM7TDMI.sv(101): object "io_mem_PROT_privileged_0" assigned a value but never read File: /tmp/h_Arcade-IGSPGM_MiSTer/rtl/gamebub-arm/generated/ARM7TDMI.sv Line: 101
Warning (10036): Verilog HDL or VHDL warning at ARM7TDMI.sv(102): object "control_memProt_privileged" assigned a value but never read File: /tmp/h_Arcade-IGSPGM_MiSTer/rtl/gamebub-arm/generated/ARM7TDMI.sv Line: 102
Warning (10036): Verilog HDL or VHDL warning at ARM7TDMI.sv(610): object "lo_1" assigned a value but never read File: /tmp/h_Arcade-IGSPGM_MiSTer/rtl/gamebub-arm/generated/ARM7TDMI.sv Line: 610
Warning (10036): Verilog HDL or VHDL warning at ARM7TDMI.sv(612): object "hi_1" assigned a value but never read File: /tmp/h_Arcade-IGSPGM_MiSTer/rtl/gamebub-arm/generated/ARM7TDMI.sv Line: 612
Info (12128): Elaborating entity "Decoder" for hierarchy "emu:emu|PGM:pgm_inst|igs027a:igs027a|ARM7TDMI:arm|Decoder:decodeUnit" File: /tmp/h_Arcade-IGSPGM_MiSTer/rtl/gamebub-arm/generated/ARM7TDMI.sv Line: 1698
Info (12128): Elaborating entity "Control" for hierarchy "emu:emu|PGM:pgm_inst|igs027a:igs027a|ARM7TDMI:arm|Control:controlUnit" File: /tmp/h_Arcade-IGSPGM_MiSTer/rtl/gamebub-arm/generated/ARM7TDMI.sv Line: 1789
Warning (10036): Verilog HDL or VHDL warning at Control.sv(107): object "io_currentStatus_padding_0" assigned a value but never read File: /tmp/h_Arcade-IGSPGM_MiSTer/rtl/gamebub-arm/generated/Control.sv Line: 107
Warning (10036): Verilog HDL or VHDL warning at Control.sv(112): object "io_nextStatus_cond_n_0" assigned a value but never read File: /tmp/h_Arcade-IGSPGM_MiSTer/rtl/gamebub-arm/generated/Control.sv Line: 112
Warning (10036): Verilog HDL or VHDL warning at Control.sv(113): object "io_nextStatus_cond_z_0" assigned a value but never read File: /tmp/h_Arcade-IGSPGM_MiSTer/rtl/gamebub-arm/generated/Control.sv Line: 113
Warning (10036): Verilog HDL or VHDL warning at Control.sv(114): object "io_nextStatus_cond_c_0" assigned a value but never read File: /tmp/h_Arcade-IGSPGM_MiSTer/rtl/gamebub-arm/generated/Control.sv Line: 114
Warning (10036): Verilog HDL or VHDL warning at Control.sv(115): object "io_nextStatus_cond_v_0" assigned a value but never read File: /tmp/h_Arcade-IGSPGM_MiSTer/rtl/gamebub-arm/generated/Control.sv Line: 115
Warning (10036): Verilog HDL or VHDL warning at Control.sv(116): object "io_nextStatus_padding_0" assigned a value but never read File: /tmp/h_Arcade-IGSPGM_MiSTer/rtl/gamebub-arm/generated/Control.sv Line: 116
Warning (10036): Verilog HDL or VHDL warning at Control.sv(117): object "io_nextStatus_irqDisable_0" assigned a value but never read File: /tmp/h_Arcade-IGSPGM_MiSTer/rtl/gamebub-arm/generated/Control.sv Line: 117
Warning (10036): Verilog HDL or VHDL warning at Control.sv(118): object "io_nextStatus_fiqDisable_0" assigned a value but never read File: /tmp/h_Arcade-IGSPGM_MiSTer/rtl/gamebub-arm/generated/Control.sv Line: 118
Warning (10036): Verilog HDL or VHDL warning at Control.sv(120): object "io_nextStatus_mode_0" assigned a value but never read File: /tmp/h_Arcade-IGSPGM_MiSTer/rtl/gamebub-arm/generated/Control.sv Line: 120
Warning (10036): Verilog HDL or VHDL warning at Control.sv(127): object "io_signals_memProt_privileged" assigned a value but never read File: /tmp/h_Arcade-IGSPGM_MiSTer/rtl/gamebub-arm/generated/Control.sv Line: 127
Warning (10036): Verilog HDL or VHDL warning at Control.sv(222): object "flag_add" assigned a value but never read File: /tmp/h_Arcade-IGSPGM_MiSTer/rtl/gamebub-arm/generated/Control.sv Line: 222
Warning (10036): Verilog HDL or VHDL warning at Control.sv(225): object "flag_add_3" assigned a value but never read File: /tmp/h_Arcade-IGSPGM_MiSTer/rtl/gamebub-arm/generated/Control.sv Line: 225
Warning (10036): Verilog HDL or VHDL warning at Control.sv(269): object "flag_user" assigned a value but never read File: /tmp/h_Arcade-IGSPGM_MiSTer/rtl/gamebub-arm/generated/Control.sv Line: 269
Warning (10036): Verilog HDL or VHDL warning at Control.sv(270): object "flag_user_1" assigned a value but never read File: /tmp/h_Arcade-IGSPGM_MiSTer/rtl/gamebub-arm/generated/Control.sv Line: 270
Warning (10036): Verilog HDL or VHDL warning at Control.sv(272): object "flag_immediate" assigned a value but never read File: /tmp/h_Arcade-IGSPGM_MiSTer/rtl/gamebub-arm/generated/Control.sv Line: 272
Warning (10036): Verilog HDL or VHDL warning at Control.sv(275): object "flag_immediate_3" assigned a value but never read File: /tmp/h_Arcade-IGSPGM_MiSTer/rtl/gamebub-arm/generated/Control.sv Line: 275
Info (12128): Elaborating entity "Shifter" for hierarchy "emu:emu|PGM:pgm_inst|igs027a:igs027a|ARM7TDMI:arm|Shifter:shifter" File: /tmp/h_Arcade-IGSPGM_MiSTer/rtl/gamebub-arm/generated/ARM7TDMI.sv Line: 1810
Info (12128): Elaborating entity "Alu" for hierarchy "emu:emu|PGM:pgm_inst|igs027a:igs027a|ARM7TDMI:arm|Alu:alu" File: /tmp/h_Arcade-IGSPGM_MiSTer/rtl/gamebub-arm/generated/ARM7TDMI.sv Line: 1826
Warning (10036): Verilog HDL or VHDL warning at Alu.sv(21): object "io_flagIn_n_0" assigned a value but never read File: /tmp/h_Arcade-IGSPGM_MiSTer/rtl/gamebub-arm/generated/Alu.sv Line: 21
Warning (10036): Verilog HDL or VHDL warning at Alu.sv(22): object "io_flagIn_z_0" assigned a value but never read File: /tmp/h_Arcade-IGSPGM_MiSTer/rtl/gamebub-arm/generated/Alu.sv Line: 22
Info (12128): Elaborating entity "Multiplier" for hierarchy "emu:emu|PGM:pgm_inst|igs027a:igs027a|ARM7TDMI:arm|Multiplier:multiplier" File: /tmp/h_Arcade-IGSPGM_MiSTer/rtl/gamebub-arm/generated/ARM7TDMI.sv Line: 1850
Info (12128): Elaborating entity "arm_rom_cache" for hierarchy "emu:emu|PGM:pgm_inst|igs027a:igs027a|arm_rom_cache:exrom_cache" File: /tmp/h_Arcade-IGSPGM_MiSTer/rtl/igs027a.sv Line: 237
Info (12128): Elaborating entity "dualport_ram_unreg" for hierarchy "emu:emu|PGM:pgm_inst|igs027a:igs027a|arm_rom_cache:exrom_cache|dualport_ram_unreg:cache_data" File: /tmp/h_Arcade-IGSPGM_MiSTer/rtl/arm_rom_cache.sv Line: 65
Info (12128): Elaborating entity "altsyncram" for hierarchy "emu:emu|PGM:pgm_inst|igs027a:igs027a|arm_rom_cache:exrom_cache|dualport_ram_unreg:cache_data|altsyncram:altsyncram_component" File: /tmp/h_Arcade-IGSPGM_MiSTer/rtl/ram.sv Line: 187
Info (12130): Elaborated megafunction instantiation "emu:emu|PGM:pgm_inst|igs027a:igs027a|arm_rom_cache:exrom_cache|dualport_ram_unreg:cache_data|altsyncram:altsyncram_component" File: /tmp/h_Arcade-IGSPGM_MiSTer/rtl/ram.sv Line: 187
Info (12133): Instantiated megafunction "emu:emu|PGM:pgm_inst|igs027a:igs027a|arm_rom_cache:exrom_cache|dualport_ram_unreg:cache_data|altsyncram:altsyncram_component" with the following parameter: File: /tmp/h_Arcade-IGSPGM_MiSTer/rtl/ram.sv Line: 187
    Info (12134): Parameter "address_reg_b" = "CLOCK1"
    Info (12134): Parameter "clock_enable_input_a" = "BYPASS"
    Info (12134): Parameter "clock_enable_input_b" = "BYPASS"
    Info (12134): Parameter "clock_enable_output_a" = "BYPASS"
    Info (12134): Parameter "clock_enable_output_b" = "BYPASS"
    Info (12134): Parameter "indata_reg_b" = "CLOCK1"
    Info (12134): Parameter "intended_device_family" = "Cyclone V"
    Info (12134): Parameter "lpm_type" = "altsyncram"
    Info (12134): Parameter "numwords_a" = "512"
    Info (12134): Parameter "numwords_b" = "512"
    Info (12134): Parameter "operation_mode" = "BIDIR_DUAL_PORT"
    Info (12134): Parameter "outdata_aclr_a" = "NONE"
    Info (12134): Parameter "outdata_aclr_b" = "NONE"
    Info (12134): Parameter "outdata_reg_a" = "UNREGISTERED"
    Info (12134): Parameter "outdata_reg_b" = "UNREGISTERED"
    Info (12134): Parameter "power_up_uninitialized" = "FALSE"
    Info (12134): Parameter "read_during_write_mode_port_a" = "NEW_DATA_NO_NBE_READ"
    Info (12134): Parameter "read_during_write_mode_port_b" = "NEW_DATA_NO_NBE_READ"
    Info (12134): Parameter "widthad_a" = "9"
    Info (12134): Parameter "widthad_b" = "9"
    Info (12134): Parameter "width_a" = "64"
    Info (12134): Parameter "width_b" = "64"
    Info (12134): Parameter "width_byteena_a" = "1"
    Info (12134): Parameter "width_byteena_b" = "1"
    Info (12134): Parameter "wrcontrol_wraddress_reg_b" = "CLOCK1"
Info (12021): Found 1 design units, including 1 entities, in source file db/altsyncram_3lj2.tdf
    Info (12023): Found entity 1: altsyncram_3lj2 File: /tmp/h_Arcade-IGSPGM_MiSTer/db/altsyncram_3lj2.tdf Line: 28
Info (12128): Elaborating entity "altsyncram_3lj2" for hierarchy "emu:emu|PGM:pgm_inst|igs027a:igs027a|arm_rom_cache:exrom_cache|dualport_ram_unreg:cache_data|altsyncram:altsyncram_component|altsyncram_3lj2:auto_generated" File: /opt/intelFPGA/17.0/quartus/libraries/megafunctions/altsyncram.tdf Line: 792
Info (12128): Elaborating entity "dualport_ram_unreg" for hierarchy "emu:emu|PGM:pgm_inst|igs027a:igs027a|arm_rom_cache:exrom_cache|dualport_ram_unreg:ctag_ram" File: /tmp/h_Arcade-IGSPGM_MiSTer/rtl/arm_rom_cache.sv Line: 73
Info (12128): Elaborating entity "altsyncram" for hierarchy "emu:emu|PGM:pgm_inst|igs027a:igs027a|arm_rom_cache:exrom_cache|dualport_ram_unreg:ctag_ram|altsyncram:altsyncram_component" File: /tmp/h_Arcade-IGSPGM_MiSTer/rtl/ram.sv Line: 187
Info (12130): Elaborated megafunction instantiation "emu:emu|PGM:pgm_inst|igs027a:igs027a|arm_rom_cache:exrom_cache|dualport_ram_unreg:ctag_ram|altsyncram:altsyncram_component" File: /tmp/h_Arcade-IGSPGM_MiSTer/rtl/ram.sv Line: 187
Info (12133): Instantiated megafunction "emu:emu|PGM:pgm_inst|igs027a:igs027a|arm_rom_cache:exrom_cache|dualport_ram_unreg:ctag_ram|altsyncram:altsyncram_component" with the following parameter: File: /tmp/h_Arcade-IGSPGM_MiSTer/rtl/ram.sv Line: 187
    Info (12134): Parameter "address_reg_b" = "CLOCK1"
    Info (12134): Parameter "clock_enable_input_a" = "BYPASS"
    Info (12134): Parameter "clock_enable_input_b" = "BYPASS"
    Info (12134): Parameter "clock_enable_output_a" = "BYPASS"
    Info (12134): Parameter "clock_enable_output_b" = "BYPASS"
    Info (12134): Parameter "indata_reg_b" = "CLOCK1"
    Info (12134): Parameter "intended_device_family" = "Cyclone V"
    Info (12134): Parameter "lpm_type" = "altsyncram"
    Info (12134): Parameter "numwords_a" = "128"
    Info (12134): Parameter "numwords_b" = "128"
    Info (12134): Parameter "operation_mode" = "BIDIR_DUAL_PORT"
    Info (12134): Parameter "outdata_aclr_a" = "NONE"
    Info (12134): Parameter "outdata_aclr_b" = "NONE"
    Info (12134): Parameter "outdata_reg_a" = "UNREGISTERED"
    Info (12134): Parameter "outdata_reg_b" = "UNREGISTERED"
    Info (12134): Parameter "power_up_uninitialized" = "FALSE"
    Info (12134): Parameter "read_during_write_mode_port_a" = "NEW_DATA_NO_NBE_READ"
    Info (12134): Parameter "read_during_write_mode_port_b" = "NEW_DATA_NO_NBE_READ"
    Info (12134): Parameter "widthad_a" = "7"
    Info (12134): Parameter "widthad_b" = "7"
    Info (12134): Parameter "width_a" = "11"
    Info (12134): Parameter "width_b" = "11"
    Info (12134): Parameter "width_byteena_a" = "1"
    Info (12134): Parameter "width_byteena_b" = "1"
    Info (12134): Parameter "wrcontrol_wraddress_reg_b" = "CLOCK1"
Info (12021): Found 1 design units, including 1 entities, in source file db/altsyncram_mkj2.tdf
    Info (12023): Found entity 1: altsyncram_mkj2 File: /tmp/h_Arcade-IGSPGM_MiSTer/db/altsyncram_mkj2.tdf Line: 28
Info (12128): Elaborating entity "altsyncram_mkj2" for hierarchy "emu:emu|PGM:pgm_inst|igs027a:igs027a|arm_rom_cache:exrom_cache|dualport_ram_unreg:ctag_ram|altsyncram:altsyncram_component|altsyncram_mkj2:auto_generated" File: /opt/intelFPGA/17.0/quartus/libraries/megafunctions/altsyncram.tdf Line: 792
Info (12128): Elaborating entity "ram_cache" for hierarchy "emu:emu|PGM:pgm_inst|igs027a:igs027a|ram_cache:iram_cache" File: /tmp/h_Arcade-IGSPGM_MiSTer/rtl/igs027a.sv Line: 413
Info (10264): Verilog HDL Case Statement information at ram_cache.sv(127): all case item expressions in this case statement are onehot File: /tmp/h_Arcade-IGSPGM_MiSTer/rtl/ram_cache.sv Line: 127
Info (12128): Elaborating entity "dualport_ram_be" for hierarchy "emu:emu|PGM:pgm_inst|igs027a:igs027a|ram_cache:iram_cache|dualport_ram_be:cdata" File: /tmp/h_Arcade-IGSPGM_MiSTer/rtl/ram_cache.sv Line: 97
Info (12128): Elaborating entity "altsyncram" for hierarchy "emu:emu|PGM:pgm_inst|igs027a:igs027a|ram_cache:iram_cache|dualport_ram_be:cdata|altsyncram:altsyncram_component" File: /tmp/h_Arcade-IGSPGM_MiSTer/rtl/ram.sv Line: 299
Info (12130): Elaborated megafunction instantiation "emu:emu|PGM:pgm_inst|igs027a:igs027a|ram_cache:iram_cache|dualport_ram_be:cdata|altsyncram:altsyncram_component" File: /tmp/h_Arcade-IGSPGM_MiSTer/rtl/ram.sv Line: 299
Info (12133): Instantiated megafunction "emu:emu|PGM:pgm_inst|igs027a:igs027a|ram_cache:iram_cache|dualport_ram_be:cdata|altsyncram:altsyncram_component" with the following parameter: File: /tmp/h_Arcade-IGSPGM_MiSTer/rtl/ram.sv Line: 299
    Info (12134): Parameter "address_reg_b" = "CLOCK1"
    Info (12134): Parameter "byteena_reg_b" = "CLOCK1"
    Info (12134): Parameter "byte_size" = "8"
    Info (12134): Parameter "clock_enable_input_a" = "BYPASS"
    Info (12134): Parameter "clock_enable_input_b" = "BYPASS"
    Info (12134): Parameter "clock_enable_output_a" = "BYPASS"
    Info (12134): Parameter "clock_enable_output_b" = "BYPASS"
    Info (12134): Parameter "indata_reg_b" = "CLOCK1"
    Info (12134): Parameter "intended_device_family" = "Cyclone V"
    Info (12134): Parameter "lpm_type" = "altsyncram"
    Info (12134): Parameter "numwords_a" = "2048"
    Info (12134): Parameter "numwords_b" = "2048"
    Info (12134): Parameter "operation_mode" = "BIDIR_DUAL_PORT"
    Info (12134): Parameter "outdata_aclr_a" = "NONE"
    Info (12134): Parameter "outdata_aclr_b" = "NONE"
    Info (12134): Parameter "outdata_reg_a" = "UNREGISTERED"
    Info (12134): Parameter "outdata_reg_b" = "UNREGISTERED"
    Info (12134): Parameter "power_up_uninitialized" = "FALSE"
    Info (12134): Parameter "read_during_write_mode_port_a" = "NEW_DATA_NO_NBE_READ"
    Info (12134): Parameter "read_during_write_mode_port_b" = "NEW_DATA_NO_NBE_READ"
    Info (12134): Parameter "widthad_a" = "11"
    Info (12134): Parameter "widthad_b" = "11"
    Info (12134): Parameter "width_a" = "32"
    Info (12134): Parameter "width_b" = "32"
    Info (12134): Parameter "width_byteena_a" = "4"
    Info (12134): Parameter "width_byteena_b" = "4"
    Info (12134): Parameter "wrcontrol_wraddress_reg_b" = "CLOCK1"
Info (12021): Found 1 design units, including 1 entities, in source file db/altsyncram_lro2.tdf
    Info (12023): Found entity 1: altsyncram_lro2 File: /tmp/h_Arcade-IGSPGM_MiSTer/db/altsyncram_lro2.tdf Line: 28
Info (12128): Elaborating entity "altsyncram_lro2" for hierarchy "emu:emu|PGM:pgm_inst|igs027a:igs027a|ram_cache:iram_cache|dualport_ram_be:cdata|altsyncram:altsyncram_component|altsyncram_lro2:auto_generated" File: /opt/intelFPGA/17.0/quartus/libraries/megafunctions/altsyncram.tdf Line: 792
Info (12128): Elaborating entity "dualport_ram_unreg" for hierarchy "emu:emu|PGM:pgm_inst|igs027a:igs027a|ram_cache:iram_cache|dualport_ram_unreg:ctag_rd" File: /tmp/h_Arcade-IGSPGM_MiSTer/rtl/ram_cache.sv Line: 104
Info (12128): Elaborating entity "altsyncram" for hierarchy "emu:emu|PGM:pgm_inst|igs027a:igs027a|ram_cache:iram_cache|dualport_ram_unreg:ctag_rd|altsyncram:altsyncram_component" File: /tmp/h_Arcade-IGSPGM_MiSTer/rtl/ram.sv Line: 187
Info (12130): Elaborated megafunction instantiation "emu:emu|PGM:pgm_inst|igs027a:igs027a|ram_cache:iram_cache|dualport_ram_unreg:ctag_rd|altsyncram:altsyncram_component" File: /tmp/h_Arcade-IGSPGM_MiSTer/rtl/ram.sv Line: 187
Info (12133): Instantiated megafunction "emu:emu|PGM:pgm_inst|igs027a:igs027a|ram_cache:iram_cache|dualport_ram_unreg:ctag_rd|altsyncram:altsyncram_component" with the following parameter: File: /tmp/h_Arcade-IGSPGM_MiSTer/rtl/ram.sv Line: 187
    Info (12134): Parameter "address_reg_b" = "CLOCK1"
    Info (12134): Parameter "clock_enable_input_a" = "BYPASS"
    Info (12134): Parameter "clock_enable_input_b" = "BYPASS"
    Info (12134): Parameter "clock_enable_output_a" = "BYPASS"
    Info (12134): Parameter "clock_enable_output_b" = "BYPASS"
    Info (12134): Parameter "indata_reg_b" = "CLOCK1"
    Info (12134): Parameter "intended_device_family" = "Cyclone V"
    Info (12134): Parameter "lpm_type" = "altsyncram"
    Info (12134): Parameter "numwords_a" = "256"
    Info (12134): Parameter "numwords_b" = "256"
    Info (12134): Parameter "operation_mode" = "BIDIR_DUAL_PORT"
    Info (12134): Parameter "outdata_aclr_a" = "NONE"
    Info (12134): Parameter "outdata_aclr_b" = "NONE"
    Info (12134): Parameter "outdata_reg_a" = "UNREGISTERED"
    Info (12134): Parameter "outdata_reg_b" = "UNREGISTERED"
    Info (12134): Parameter "power_up_uninitialized" = "FALSE"
    Info (12134): Parameter "read_during_write_mode_port_a" = "NEW_DATA_NO_NBE_READ"
    Info (12134): Parameter "read_during_write_mode_port_b" = "NEW_DATA_NO_NBE_READ"
    Info (12134): Parameter "widthad_a" = "8"
    Info (12134): Parameter "widthad_b" = "8"
    Info (12134): Parameter "width_a" = "19"
    Info (12134): Parameter "width_b" = "19"
    Info (12134): Parameter "width_byteena_a" = "1"
    Info (12134): Parameter "width_byteena_b" = "1"
    Info (12134): Parameter "wrcontrol_wraddress_reg_b" = "CLOCK1"
Info (12021): Found 1 design units, including 1 entities, in source file db/altsyncram_blj2.tdf
    Info (12023): Found entity 1: altsyncram_blj2 File: /tmp/h_Arcade-IGSPGM_MiSTer/db/altsyncram_blj2.tdf Line: 28
Info (12128): Elaborating entity "altsyncram_blj2" for hierarchy "emu:emu|PGM:pgm_inst|igs027a:igs027a|ram_cache:iram_cache|dualport_ram_unreg:ctag_rd|altsyncram:altsyncram_component|altsyncram_blj2:auto_generated" File: /opt/intelFPGA/17.0/quartus/libraries/megafunctions/altsyncram.tdf Line: 792
Info (12128): Elaborating entity "dualport_ram_be" for hierarchy "emu:emu|PGM:pgm_inst|igs027a:igs027a|dualport_ram_be:xortab" File: /tmp/h_Arcade-IGSPGM_MiSTer/rtl/igs027a.sv Line: 462
Info (12128): Elaborating entity "altsyncram" for hierarchy "emu:emu|PGM:pgm_inst|igs027a:igs027a|dualport_ram_be:xortab|altsyncram:altsyncram_component" File: /tmp/h_Arcade-IGSPGM_MiSTer/rtl/ram.sv Line: 299
Info (12130): Elaborated megafunction instantiation "emu:emu|PGM:pgm_inst|igs027a:igs027a|dualport_ram_be:xortab|altsyncram:altsyncram_component" File: /tmp/h_Arcade-IGSPGM_MiSTer/rtl/ram.sv Line: 299
Info (12133): Instantiated megafunction "emu:emu|PGM:pgm_inst|igs027a:igs027a|dualport_ram_be:xortab|altsyncram:altsyncram_component" with the following parameter: File: /tmp/h_Arcade-IGSPGM_MiSTer/rtl/ram.sv Line: 299
    Info (12134): Parameter "address_reg_b" = "CLOCK1"
    Info (12134): Parameter "byteena_reg_b" = "CLOCK1"
    Info (12134): Parameter "byte_size" = "8"
    Info (12134): Parameter "clock_enable_input_a" = "BYPASS"
    Info (12134): Parameter "clock_enable_input_b" = "BYPASS"
    Info (12134): Parameter "clock_enable_output_a" = "BYPASS"
    Info (12134): Parameter "clock_enable_output_b" = "BYPASS"
    Info (12134): Parameter "indata_reg_b" = "CLOCK1"
    Info (12134): Parameter "intended_device_family" = "Cyclone V"
    Info (12134): Parameter "lpm_type" = "altsyncram"
    Info (12134): Parameter "numwords_a" = "256"
    Info (12134): Parameter "numwords_b" = "256"
    Info (12134): Parameter "operation_mode" = "BIDIR_DUAL_PORT"
    Info (12134): Parameter "outdata_aclr_a" = "NONE"
    Info (12134): Parameter "outdata_aclr_b" = "NONE"
    Info (12134): Parameter "outdata_reg_a" = "UNREGISTERED"
    Info (12134): Parameter "outdata_reg_b" = "UNREGISTERED"
    Info (12134): Parameter "power_up_uninitialized" = "FALSE"
    Info (12134): Parameter "read_during_write_mode_port_a" = "NEW_DATA_NO_NBE_READ"
    Info (12134): Parameter "read_during_write_mode_port_b" = "NEW_DATA_NO_NBE_READ"
    Info (12134): Parameter "widthad_a" = "8"
    Info (12134): Parameter "widthad_b" = "8"
    Info (12134): Parameter "width_a" = "32"
    Info (12134): Parameter "width_b" = "32"
    Info (12134): Parameter "width_byteena_a" = "4"
    Info (12134): Parameter "width_byteena_b" = "4"
    Info (12134): Parameter "wrcontrol_wraddress_reg_b" = "CLOCK1"
Info (12021): Found 1 design units, including 1 entities, in source file db/altsyncram_vlo2.tdf
    Info (12023): Found entity 1: altsyncram_vlo2 File: /tmp/h_Arcade-IGSPGM_MiSTer/db/altsyncram_vlo2.tdf Line: 28
Info (12128): Elaborating entity "altsyncram_vlo2" for hierarchy "emu:emu|PGM:pgm_inst|igs027a:igs027a|dualport_ram_be:xortab|altsyncram:altsyncram_component|altsyncram_vlo2:auto_generated" File: /opt/intelFPGA/17.0/quartus/libraries/megafunctions/altsyncram.tdf Line: 792
Info (12128): Elaborating entity "share_cache" for hierarchy "emu:emu|PGM:pgm_inst|igs027a:igs027a|share_cache:chip0" File: /tmp/h_Arcade-IGSPGM_MiSTer/rtl/igs027a.sv Line: 525
Info (10264): Verilog HDL Case Statement information at share_cache.sv(97): all case item expressions in this case statement are onehot File: /tmp/h_Arcade-IGSPGM_MiSTer/rtl/share_cache.sv Line: 97
Info (12128): Elaborating entity "ram_cache" for hierarchy "emu:emu|PGM:pgm_inst|igs027a:igs027a|share_cache:chip0|ram_cache:cache" File: /tmp/h_Arcade-IGSPGM_MiSTer/rtl/share_cache.sv Line: 114
Info (10264): Verilog HDL Case Statement information at ram_cache.sv(127): all case item expressions in this case statement are onehot File: /tmp/h_Arcade-IGSPGM_MiSTer/rtl/ram_cache.sv Line: 127
Info (12128): Elaborating entity "share_cache" for hierarchy "emu:emu|PGM:pgm_inst|igs027a:igs027a|share_cache:chip1" File: /tmp/h_Arcade-IGSPGM_MiSTer/rtl/igs027a.sv Line: 537
Info (10264): Verilog HDL Case Statement information at share_cache.sv(97): all case item expressions in this case statement are onehot File: /tmp/h_Arcade-IGSPGM_MiSTer/rtl/share_cache.sv Line: 97
Info (12128): Elaborating entity "V3021" for hierarchy "emu:emu|PGM:pgm_inst|V3021:v3021" File: /tmp/h_Arcade-IGSPGM_MiSTer/rtl/PGM.sv Line: 1168
Warning (10230): Verilog HDL assignment warning at v3021.sv(131): truncated value with size 32 to match size of target (16) File: /tmp/h_Arcade-IGSPGM_MiSTer/rtl/v3021.sv Line: 131
Warning (10230): Verilog HDL assignment warning at v3021.sv(141): truncated value with size 32 to match size of target (4) File: /tmp/h_Arcade-IGSPGM_MiSTer/rtl/v3021.sv Line: 141
Info (12128): Elaborating entity "bcd_counter" for hierarchy "emu:emu|PGM:pgm_inst|V3021:v3021|bcd_counter:seconds_cnt" File: /tmp/h_Arcade-IGSPGM_MiSTer/rtl/v3021.sv Line: 104
Info (12128): Elaborating entity "bcd_counter" for hierarchy "emu:emu|PGM:pgm_inst|V3021:v3021|bcd_counter:months_cnt" File: /tmp/h_Arcade-IGSPGM_MiSTer/rtl/v3021.sv Line: 109
Info (12128): Elaborating entity "ics2115" for hierarchy "emu:emu|PGM:pgm_inst|ics2115:ics2115" File: /tmp/h_Arcade-IGSPGM_MiSTer/rtl/PGM.sv Line: 1199
Warning (10036): Verilog HDL or VHDL warning at ics2115.sv(87): object "seq_voice_data" assigned a value but never read File: /tmp/h_Arcade-IGSPGM_MiSTer/rtl/ics2115/ics2115.sv Line: 87
Warning (10036): Verilog HDL or VHDL warning at ics2115.sv(100): object "osc_irq_en" assigned a value but never read File: /tmp/h_Arcade-IGSPGM_MiSTer/rtl/ics2115/ics2115.sv Line: 100
Warning (10036): Verilog HDL or VHDL warning at ics2115.sv(107): object "vol_irq_en" assigned a value but never read File: /tmp/h_Arcade-IGSPGM_MiSTer/rtl/ics2115/ics2115.sv Line: 107
Warning (10036): Verilog HDL or VHDL warning at ics2115.sv(245): object "vmode" assigned a value but never read File: /tmp/h_Arcade-IGSPGM_MiSTer/rtl/ics2115/ics2115.sv Line: 245
Warning (10036): Verilog HDL or VHDL warning at ics2115.sv(377): object "debug_voice_sample_left" assigned a value but never read File: /tmp/h_Arcade-IGSPGM_MiSTer/rtl/ics2115/ics2115.sv Line: 377
Warning (10036): Verilog HDL or VHDL warning at ics2115.sv(378): object "debug_voice_sample_right" assigned a value but never read File: /tmp/h_Arcade-IGSPGM_MiSTer/rtl/ics2115/ics2115.sv Line: 378
Warning (10036): Verilog HDL or VHDL warning at ics2115.sv(588): object "host_rd_pulse" assigned a value but never read File: /tmp/h_Arcade-IGSPGM_MiSTer/rtl/ics2115/ics2115.sv Line: 588
Warning (10036): Verilog HDL or VHDL warning at ics2115.sv(669): object "irqv_found" assigned a value but never read File: /tmp/h_Arcade-IGSPGM_MiSTer/rtl/ics2115/ics2115.sv Line: 669
Warning (10036): Verilog HDL or VHDL warning at ics2115.sv(839): object "prev_rd_reg" assigned a value but never read File: /tmp/h_Arcade-IGSPGM_MiSTer/rtl/ics2115/ics2115.sv Line: 839
Warning (10036): Verilog HDL or VHDL warning at ics2115.sv(840): object "prev_rd_was_lo" assigned a value but never read File: /tmp/h_Arcade-IGSPGM_MiSTer/rtl/ics2115/ics2115.sv Line: 840
Warning (10036): Verilog HDL or VHDL warning at ics2115.sv(981): object "host_voice_wr_can_buffer" assigned a value but never read File: /tmp/h_Arcade-IGSPGM_MiSTer/rtl/ics2115/ics2115.sv Line: 981
Warning (10762): Verilog HDL Case Statement warning at ics2115.sv(1039): can't check case statement for completeness because the case expression has too many possible states File: /tmp/h_Arcade-IGSPGM_MiSTer/rtl/ics2115/ics2115.sv Line: 1039
Warning (10762): Verilog HDL Case Statement warning at ics2115.sv(1146): can't check case statement for completeness because the case expression has too many possible states File: /tmp/h_Arcade-IGSPGM_MiSTer/rtl/ics2115/ics2115.sv Line: 1146
Info (10264): Verilog HDL Case Statement information at ics2115.sv(1202): all case item expressions in this case statement are onehot File: /tmp/h_Arcade-IGSPGM_MiSTer/rtl/ics2115/ics2115.sv Line: 1202
Info (12128): Elaborating entity "dualport_ram_unreg" for hierarchy "emu:emu|PGM:pgm_inst|ics2115:ics2115|dualport_ram_unreg:voice_ram" File: /tmp/h_Arcade-IGSPGM_MiSTer/rtl/ics2115/ics2115.sv Line: 85
Info (12128): Elaborating entity "altsyncram" for hierarchy "emu:emu|PGM:pgm_inst|ics2115:ics2115|dualport_ram_unreg:voice_ram|altsyncram:altsyncram_component" File: /tmp/h_Arcade-IGSPGM_MiSTer/rtl/ram.sv Line: 187
Info (12130): Elaborated megafunction instantiation "emu:emu|PGM:pgm_inst|ics2115:ics2115|dualport_ram_unreg:voice_ram|altsyncram:altsyncram_component" File: /tmp/h_Arcade-IGSPGM_MiSTer/rtl/ram.sv Line: 187
Info (12133): Instantiated megafunction "emu:emu|PGM:pgm_inst|ics2115:ics2115|dualport_ram_unreg:voice_ram|altsyncram:altsyncram_component" with the following parameter: File: /tmp/h_Arcade-IGSPGM_MiSTer/rtl/ram.sv Line: 187
    Info (12134): Parameter "address_reg_b" = "CLOCK1"
    Info (12134): Parameter "clock_enable_input_a" = "BYPASS"
    Info (12134): Parameter "clock_enable_input_b" = "BYPASS"
    Info (12134): Parameter "clock_enable_output_a" = "BYPASS"
    Info (12134): Parameter "clock_enable_output_b" = "BYPASS"
    Info (12134): Parameter "indata_reg_b" = "CLOCK1"
    Info (12134): Parameter "intended_device_family" = "Cyclone V"
    Info (12134): Parameter "lpm_type" = "altsyncram"
    Info (12134): Parameter "numwords_a" = "32"
    Info (12134): Parameter "numwords_b" = "32"
    Info (12134): Parameter "operation_mode" = "BIDIR_DUAL_PORT"
    Info (12134): Parameter "outdata_aclr_a" = "NONE"
    Info (12134): Parameter "outdata_aclr_b" = "NONE"
    Info (12134): Parameter "outdata_reg_a" = "UNREGISTERED"
    Info (12134): Parameter "outdata_reg_b" = "UNREGISTERED"
    Info (12134): Parameter "power_up_uninitialized" = "FALSE"
    Info (12134): Parameter "read_during_write_mode_port_a" = "NEW_DATA_NO_NBE_READ"
    Info (12134): Parameter "read_during_write_mode_port_b" = "NEW_DATA_NO_NBE_READ"
    Info (12134): Parameter "widthad_a" = "5"
    Info (12134): Parameter "widthad_b" = "5"
    Info (12134): Parameter "width_a" = "238"
    Info (12134): Parameter "width_b" = "238"
    Info (12134): Parameter "width_byteena_a" = "1"
    Info (12134): Parameter "width_byteena_b" = "1"
    Info (12134): Parameter "wrcontrol_wraddress_reg_b" = "CLOCK1"
Info (12021): Found 1 design units, including 1 entities, in source file db/altsyncram_rkj2.tdf
    Info (12023): Found entity 1: altsyncram_rkj2 File: /tmp/h_Arcade-IGSPGM_MiSTer/db/altsyncram_rkj2.tdf Line: 28
Info (12128): Elaborating entity "altsyncram_rkj2" for hierarchy "emu:emu|PGM:pgm_inst|ics2115:ics2115|dualport_ram_unreg:voice_ram|altsyncram:altsyncram_component|altsyncram_rkj2:auto_generated" File: /opt/intelFPGA/17.0/quartus/libraries/megafunctions/altsyncram.tdf Line: 792
Info (12128): Elaborating entity "ics2115_tables" for hierarchy "emu:emu|PGM:pgm_inst|ics2115:ics2115|ics2115_tables:u_tables" File: /tmp/h_Arcade-IGSPGM_MiSTer/rtl/ics2115/ics2115.sv Line: 292
Warning (10230): Verilog HDL assignment warning at ics2115_tables.sv(53): truncated value with size 32 to match size of target (16) File: /tmp/h_Arcade-IGSPGM_MiSTer/rtl/ics2115/ics2115_tables.sv Line: 53
Warning (10230): Verilog HDL assignment warning at ics2115_tables.sv(55): truncated value with size 32 to match size of target (16) File: /tmp/h_Arcade-IGSPGM_MiSTer/rtl/ics2115/ics2115_tables.sv Line: 55
Warning (10030): Net "vol_mem.data_a" at ics2115_tables.sv(48) has no driver or initial value, using a default initial value '0' File: /tmp/h_Arcade-IGSPGM_MiSTer/rtl/ics2115/ics2115_tables.sv Line: 48
Warning (10030): Net "vol_mem.waddr_a" at ics2115_tables.sv(48) has no driver or initial value, using a default initial value '0' File: /tmp/h_Arcade-IGSPGM_MiSTer/rtl/ics2115/ics2115_tables.sv Line: 48
Warning (10030): Net "vol_mem.we_a" at ics2115_tables.sv(48) has no driver or initial value, using a default initial value '0' File: /tmp/h_Arcade-IGSPGM_MiSTer/rtl/ics2115/ics2115_tables.sv Line: 48
Info (12128): Elaborating entity "ics2115_osc" for hierarchy "emu:emu|PGM:pgm_inst|ics2115:ics2115|ics2115_osc:u_osc" File: /tmp/h_Arcade-IGSPGM_MiSTer/rtl/ics2115/ics2115.sv Line: 435
Warning (10036): Verilog HDL or VHDL warning at ics2115_osc.sv(108): object "osc_conf_8bit" assigned a value but never read File: /tmp/h_Arcade-IGSPGM_MiSTer/rtl/ics2115/ics2115_osc.sv Line: 108
Warning (10036): Verilog HDL or VHDL warning at ics2115_osc.sv(111): object "osc_conf_16bit" assigned a value but never read File: /tmp/h_Arcade-IGSPGM_MiSTer/rtl/ics2115/ics2115_osc.sv Line: 111
Warning (10230): Verilog HDL assignment warning at ics2115_osc.sv(222): truncated value with size 8 to match size of target (3) File: /tmp/h_Arcade-IGSPGM_MiSTer/rtl/ics2115/ics2115_osc.sv Line: 222
Warning (10230): Verilog HDL assignment warning at ics2115_osc.sv(223): truncated value with size 8 to match size of target (4) File: /tmp/h_Arcade-IGSPGM_MiSTer/rtl/ics2115/ics2115_osc.sv Line: 223
Warning (10230): Verilog HDL assignment warning at ics2115_osc.sv(483): truncated value with size 32 to match size of target (24) File: /tmp/h_Arcade-IGSPGM_MiSTer/rtl/ics2115/ics2115_osc.sv Line: 483
Warning (10230): Verilog HDL assignment warning at ics2115_osc.sv(484): truncated value with size 32 to match size of target (24) File: /tmp/h_Arcade-IGSPGM_MiSTer/rtl/ics2115/ics2115_osc.sv Line: 484
Info (12128): Elaborating entity "rom_cache" for hierarchy "emu:emu|PGM:pgm_inst|rom_cache:rom_cache" File: /tmp/h_Arcade-IGSPGM_MiSTer/rtl/PGM.sv Line: 1242
Info (12128): Elaborating entity "auto_save_adaptor2" for hierarchy "emu:emu|PGM:pgm_inst|auto_save_adaptor2:z80_ss_adaptor" File: /tmp/h_Arcade-IGSPGM_MiSTer/rtl/PGM.sv Line: 1264
Warning (10230): Verilog HDL assignment warning at savestates.sv(202): truncated value with size 32 to match size of target (9) File: /tmp/h_Arcade-IGSPGM_MiSTer/rtl/savestates.sv Line: 202
Warning (10230): Verilog HDL assignment warning at savestates.sv(203): truncated value with size 32 to match size of target (9) File: /tmp/h_Arcade-IGSPGM_MiSTer/rtl/savestates.sv Line: 203
Warning (10230): Verilog HDL assignment warning at savestates.sv(204): truncated value with size 32 to match size of target (16) File: /tmp/h_Arcade-IGSPGM_MiSTer/rtl/savestates.sv Line: 204
Warning (10230): Verilog HDL assignment warning at savestates.sv(211): truncated value with size 32 to match size of target (8) File: /tmp/h_Arcade-IGSPGM_MiSTer/rtl/savestates.sv Line: 211
Info (12128): Elaborating entity "tv80s" for hierarchy "emu:emu|PGM:pgm_inst|tv80s:z80" File: /tmp/h_Arcade-IGSPGM_MiSTer/rtl/PGM.sv Line: 1299
Info (12128): Elaborating entity "tv80_core" for hierarchy "emu:emu|PGM:pgm_inst|tv80s:z80|tv80_core:i_tv80_core" File: /tmp/h_Arcade-IGSPGM_MiSTer/rtl/tv80_auto_ss.sv Line: 4267
Warning (10230): Verilog HDL assignment warning at tv80_auto_ss.sv(3397): truncated value with size 32 to match size of target (16) File: /tmp/h_Arcade-IGSPGM_MiSTer/rtl/tv80_auto_ss.sv Line: 3397
Warning (10230): Verilog HDL assignment warning at tv80_auto_ss.sv(4100): truncated value with size 32 to match size of target (16) File: /tmp/h_Arcade-IGSPGM_MiSTer/rtl/tv80_auto_ss.sv Line: 4100
Warning (10230): Verilog HDL assignment warning at tv80_auto_ss.sv(4112): truncated value with size 32 to match size of target (16) File: /tmp/h_Arcade-IGSPGM_MiSTer/rtl/tv80_auto_ss.sv Line: 4112
Warning (10230): Verilog HDL assignment warning at tv80_auto_ss.sv(4116): truncated value with size 32 to match size of target (16) File: /tmp/h_Arcade-IGSPGM_MiSTer/rtl/tv80_auto_ss.sv Line: 4116
Info (12128): Elaborating entity "tv80_mcode" for hierarchy "emu:emu|PGM:pgm_inst|tv80s:z80|tv80_core:i_tv80_core|tv80_mcode:i_mcode" File: /tmp/h_Arcade-IGSPGM_MiSTer/rtl/tv80_auto_ss.sv Line: 3089
Info (12128): Elaborating entity "tv80_alu" for hierarchy "emu:emu|PGM:pgm_inst|tv80s:z80|tv80_core:i_tv80_core|tv80_alu:i_alu" File: /tmp/h_Arcade-IGSPGM_MiSTer/rtl/tv80_auto_ss.sv Line: 3102
Warning (10230): Verilog HDL assignment warning at tv80_auto_ss.sv(2483): truncated value with size 32 to match size of target (9) File: /tmp/h_Arcade-IGSPGM_MiSTer/rtl/tv80_auto_ss.sv Line: 2483
Warning (10230): Verilog HDL assignment warning at tv80_auto_ss.sv(2488): truncated value with size 32 to match size of target (9) File: /tmp/h_Arcade-IGSPGM_MiSTer/rtl/tv80_auto_ss.sv Line: 2488
Warning (10230): Verilog HDL assignment warning at tv80_auto_ss.sv(2496): truncated value with size 32 to match size of target (8) File: /tmp/h_Arcade-IGSPGM_MiSTer/rtl/tv80_auto_ss.sv Line: 2496
Warning (10230): Verilog HDL assignment warning at tv80_auto_ss.sv(2499): truncated value with size 32 to match size of target (9) File: /tmp/h_Arcade-IGSPGM_MiSTer/rtl/tv80_auto_ss.sv Line: 2499
Info (12128): Elaborating entity "tv80_reg" for hierarchy "emu:emu|PGM:pgm_inst|tv80s:z80|tv80_core:i_tv80_core|tv80_reg:i_reg" File: /tmp/h_Arcade-IGSPGM_MiSTer/rtl/tv80_auto_ss.sv Line: 3768
Info (12128): Elaborating entity "save_state_data" for hierarchy "emu:emu|PGM:pgm_inst|save_state_data:save_state_data" File: /tmp/h_Arcade-IGSPGM_MiSTer/rtl/PGM.sv Line: 1313
Info (12128): Elaborating entity "memory_stream" for hierarchy "emu:emu|PGM:pgm_inst|save_state_data:save_state_data|memory_stream:memory_stream" File: /tmp/h_Arcade-IGSPGM_MiSTer/rtl/savestates.sv Line: 306
Warning (10230): Verilog HDL assignment warning at memory_stream.sv(243): truncated value with size 32 to match size of target (4) File: /tmp/h_Arcade-IGSPGM_MiSTer/rtl/memory_stream.sv Line: 243
Warning (10230): Verilog HDL assignment warning at memory_stream.sv(290): truncated value with size 32 to match size of target (3) File: /tmp/h_Arcade-IGSPGM_MiSTer/rtl/memory_stream.sv Line: 290
Warning (10230): Verilog HDL assignment warning at memory_stream.sv(315): truncated value with size 32 to match size of target (5) File: /tmp/h_Arcade-IGSPGM_MiSTer/rtl/memory_stream.sv Line: 315
Warning (10230): Verilog HDL assignment warning at memory_stream.sv(337): truncated value with size 32 to match size of target (4) File: /tmp/h_Arcade-IGSPGM_MiSTer/rtl/memory_stream.sv Line: 337
Warning (10230): Verilog HDL assignment warning at memory_stream.sv(389): truncated value with size 32 to match size of target (3) File: /tmp/h_Arcade-IGSPGM_MiSTer/rtl/memory_stream.sv Line: 389
Warning (10030): Net "word_end.data_a" at memory_stream.sv(74) has no driver or initial value, using a default initial value '0' File: /tmp/h_Arcade-IGSPGM_MiSTer/rtl/memory_stream.sv Line: 74
Warning (10030): Net "word_end.waddr_a" at memory_stream.sv(74) has no driver or initial value, using a default initial value '0' File: /tmp/h_Arcade-IGSPGM_MiSTer/rtl/memory_stream.sv Line: 74
Warning (10030): Net "word_end.we_a" at memory_stream.sv(74) has no driver or initial value, using a default initial value '0' File: /tmp/h_Arcade-IGSPGM_MiSTer/rtl/memory_stream.sv Line: 74
Info (12128): Elaborating entity "pause" for hierarchy "emu:emu|pause:pause" File: /tmp/h_Arcade-IGSPGM_MiSTer/Arcade-IGSPGM.sv Line: 921
Info (12128): Elaborating entity "coin_pulse" for hierarchy "emu:emu|coin_pulse:cp0" File: /tmp/h_Arcade-IGSPGM_MiSTer/Arcade-IGSPGM.sv Line: 924
Info (12128): Elaborating entity "video_path" for hierarchy "emu:emu|video_path:video_path" File: /tmp/h_Arcade-IGSPGM_MiSTer/Arcade-IGSPGM.sv Line: 962
Warning (10230): Verilog HDL assignment warning at video_path.sv(257): truncated value with size 32 to match size of target (10) File: /tmp/h_Arcade-IGSPGM_MiSTer/rtl/video_path.sv Line: 257
Warning (10230): Verilog HDL assignment warning at video_path.sv(267): truncated value with size 32 to match size of target (10) File: /tmp/h_Arcade-IGSPGM_MiSTer/rtl/video_path.sv Line: 267
Warning (10230): Verilog HDL assignment warning at video_path.sv(275): truncated value with size 32 to match size of target (10) File: /tmp/h_Arcade-IGSPGM_MiSTer/rtl/video_path.sv Line: 275
Info (12128): Elaborating entity "jtframe_resync" for hierarchy "emu:emu|video_path:video_path|jtframe_resync:jtframe_resync" File: /tmp/h_Arcade-IGSPGM_MiSTer/rtl/video_path.sv Line: 95
Info (12128): Elaborating entity "video_hscale" for hierarchy "emu:emu|video_path:video_path|video_hscale:video_hscale" File: /tmp/h_Arcade-IGSPGM_MiSTer/rtl/video_path.sv Line: 133
Warning (10036): Verilog HDL or VHDL warning at video_hscale.sv(172): object "debug_underrun" assigned a value but never read File: /tmp/h_Arcade-IGSPGM_MiSTer/rtl/video_hscale.sv Line: 172
Warning (10036): Verilog HDL or VHDL warning at video_hscale.sv(173): object "debug_overflow" assigned a value but never read File: /tmp/h_Arcade-IGSPGM_MiSTer/rtl/video_hscale.sv Line: 173
Info (12128): Elaborating entity "dualport_ram_unreg" for hierarchy "emu:emu|video_path:video_path|video_hscale:video_hscale|dualport_ram_unreg:line_buf" File: /tmp/h_Arcade-IGSPGM_MiSTer/rtl/video_hscale.sv Line: 164
Info (12128): Elaborating entity "altsyncram" for hierarchy "emu:emu|video_path:video_path|video_hscale:video_hscale|dualport_ram_unreg:line_buf|altsyncram:altsyncram_component" File: /tmp/h_Arcade-IGSPGM_MiSTer/rtl/ram.sv Line: 187
Info (12130): Elaborated megafunction instantiation "emu:emu|video_path:video_path|video_hscale:video_hscale|dualport_ram_unreg:line_buf|altsyncram:altsyncram_component" File: /tmp/h_Arcade-IGSPGM_MiSTer/rtl/ram.sv Line: 187
Info (12133): Instantiated megafunction "emu:emu|video_path:video_path|video_hscale:video_hscale|dualport_ram_unreg:line_buf|altsyncram:altsyncram_component" with the following parameter: File: /tmp/h_Arcade-IGSPGM_MiSTer/rtl/ram.sv Line: 187
    Info (12134): Parameter "address_reg_b" = "CLOCK1"
    Info (12134): Parameter "clock_enable_input_a" = "BYPASS"
    Info (12134): Parameter "clock_enable_input_b" = "BYPASS"
    Info (12134): Parameter "clock_enable_output_a" = "BYPASS"
    Info (12134): Parameter "clock_enable_output_b" = "BYPASS"
    Info (12134): Parameter "indata_reg_b" = "CLOCK1"
    Info (12134): Parameter "intended_device_family" = "Cyclone V"
    Info (12134): Parameter "lpm_type" = "altsyncram"
    Info (12134): Parameter "numwords_a" = "128"
    Info (12134): Parameter "numwords_b" = "128"
    Info (12134): Parameter "operation_mode" = "BIDIR_DUAL_PORT"
    Info (12134): Parameter "outdata_aclr_a" = "NONE"
    Info (12134): Parameter "outdata_aclr_b" = "NONE"
    Info (12134): Parameter "outdata_reg_a" = "UNREGISTERED"
    Info (12134): Parameter "outdata_reg_b" = "UNREGISTERED"
    Info (12134): Parameter "power_up_uninitialized" = "FALSE"
    Info (12134): Parameter "read_during_write_mode_port_a" = "NEW_DATA_NO_NBE_READ"
    Info (12134): Parameter "read_during_write_mode_port_b" = "NEW_DATA_NO_NBE_READ"
    Info (12134): Parameter "widthad_a" = "7"
    Info (12134): Parameter "widthad_b" = "7"
    Info (12134): Parameter "width_a" = "24"
    Info (12134): Parameter "width_b" = "24"
    Info (12134): Parameter "width_byteena_a" = "1"
    Info (12134): Parameter "width_byteena_b" = "1"
    Info (12134): Parameter "wrcontrol_wraddress_reg_b" = "CLOCK1"
Info (12021): Found 1 design units, including 1 entities, in source file db/altsyncram_tkj2.tdf
    Info (12023): Found entity 1: altsyncram_tkj2 File: /tmp/h_Arcade-IGSPGM_MiSTer/db/altsyncram_tkj2.tdf Line: 28
Info (12128): Elaborating entity "altsyncram_tkj2" for hierarchy "emu:emu|video_path:video_path|video_hscale:video_hscale|dualport_ram_unreg:line_buf|altsyncram:altsyncram_component|altsyncram_tkj2:auto_generated" File: /opt/intelFPGA/17.0/quartus/libraries/megafunctions/altsyncram.tdf Line: 792
Info (12128): Elaborating entity "video_mixer" for hierarchy "emu:emu|video_path:video_path|video_mixer:video_mixer" File: /tmp/h_Arcade-IGSPGM_MiSTer/rtl/video_path.sv Line: 177
Info (12128): Elaborating entity "video_freezer" for hierarchy "emu:emu|video_path:video_path|video_mixer:video_mixer|video_freezer:freezer" File: /tmp/h_Arcade-IGSPGM_MiSTer/sys/video_mixer.sv Line: 81
Info (12128): Elaborating entity "sync_lock" for hierarchy "emu:emu|video_path:video_path|video_mixer:video_mixer|video_freezer:freezer|sync_lock:vs_lock" File: /tmp/h_Arcade-IGSPGM_MiSTer/sys/video_freezer.sv Line: 47
Info (12128): Elaborating entity "sync_lock" for hierarchy "emu:emu|video_path:video_path|video_mixer:video_mixer|video_freezer:freezer|sync_lock:hs_lock" File: /tmp/h_Arcade-IGSPGM_MiSTer/sys/video_freezer.sv Line: 59
Info (12128): Elaborating entity "gamma_corr" for hierarchy "emu:emu|video_path:video_path|video_mixer:video_mixer|gamma_corr:gamma" File: /tmp/h_Arcade-IGSPGM_MiSTer/sys/video_mixer.sv Line: 131
Info (12128): Elaborating entity "scandoubler" for hierarchy "emu:emu|video_path:video_path|video_mixer:video_mixer|scandoubler:sd" File: /tmp/h_Arcade-IGSPGM_MiSTer/sys/video_mixer.sv Line: 166
Info (12128): Elaborating entity "Hq2x" for hierarchy "emu:emu|video_path:video_path|video_mixer:video_mixer|scandoubler:sd|Hq2x:Hq2x" File: /tmp/h_Arcade-IGSPGM_MiSTer/sys/scandoubler.v Line: 117
Info (12128): Elaborating entity "DiffCheck" for hierarchy "emu:emu|video_path:video_path|video_mixer:video_mixer|scandoubler:sd|Hq2x:Hq2x|DiffCheck:diffcheck0" File: /tmp/h_Arcade-IGSPGM_MiSTer/sys/hq2x.sv Line: 69
Info (12128): Elaborating entity "Blend" for hierarchy "emu:emu|video_path:video_path|video_mixer:video_mixer|scandoubler:sd|Hq2x:Hq2x|Blend:blender" File: /tmp/h_Arcade-IGSPGM_MiSTer/sys/hq2x.sv Line: 76
Info (12128): Elaborating entity "hq2x_in" for hierarchy "emu:emu|video_path:video_path|video_mixer:video_mixer|scandoubler:sd|Hq2x:Hq2x|hq2x_in:hq2x_in" File: /tmp/h_Arcade-IGSPGM_MiSTer/sys/hq2x.sv Line: 115
Info (12128): Elaborating entity "hq2x_buf" for hierarchy "emu:emu|video_path:video_path|video_mixer:video_mixer|scandoubler:sd|Hq2x:Hq2x|hq2x_in:hq2x_in|hq2x_buf:buf0" File: /tmp/h_Arcade-IGSPGM_MiSTer/sys/hq2x.sv Line: 245
Info (12128): Elaborating entity "hq2x_buf" for hierarchy "emu:emu|video_path:video_path|video_mixer:video_mixer|scandoubler:sd|Hq2x:Hq2x|hq2x_buf:hq2x_out" File: /tmp/h_Arcade-IGSPGM_MiSTer/sys/hq2x.sv Line: 136
Info (12128): Elaborating entity "video_freak" for hierarchy "emu:emu|video_path:video_path|video_freak:video_freak" File: /tmp/h_Arcade-IGSPGM_MiSTer/rtl/video_path.sv Line: 195
Info (12128): Elaborating entity "video_scale_int" for hierarchy "emu:emu|video_path:video_path|video_freak:video_freak|video_scale_int:scale" File: /tmp/h_Arcade-IGSPGM_MiSTer/sys/video_freak.sv Line: 136
Info (12128): Elaborating entity "screen_rotate" for hierarchy "emu:emu|video_path:video_path|screen_rotate:screen_rotate" File: /tmp/h_Arcade-IGSPGM_MiSTer/rtl/video_path.sv Line: 227
Info (12128): Elaborating entity "savestate_ui" for hierarchy "emu:emu|savestate_ui:savestate_ui" File: /tmp/h_Arcade-IGSPGM_MiSTer/Arcade-IGSPGM.sv Line: 990
Warning (14284): Synthesized away the following node(s):
    Warning (14285): Synthesized away the following LCELL buffer node(s):
        Warning (14320): Synthesized away node "pll_hdmi:pll_hdmi|pll_hdmi_0002:pll_hdmi_inst|altera_pll:altera_pll_i|cntsel_temp[4]" File: /opt/intelFPGA/17.0/quartus/libraries/megafunctions/altera_pll.v Line: 425
        Warning (14320): Synthesized away node "pll_hdmi:pll_hdmi|pll_hdmi_0002:pll_hdmi_inst|altera_pll:altera_pll_i|cntsel_temp[3]" File: /opt/intelFPGA/17.0/quartus/libraries/megafunctions/altera_pll.v Line: 425
        Warning (14320): Synthesized away node "pll_hdmi:pll_hdmi|pll_hdmi_0002:pll_hdmi_inst|altera_pll:altera_pll_i|cntsel_temp[2]" File: /opt/intelFPGA/17.0/quartus/libraries/megafunctions/altera_pll.v Line: 425
        Warning (14320): Synthesized away node "pll_hdmi:pll_hdmi|pll_hdmi_0002:pll_hdmi_inst|altera_pll:altera_pll_i|cntsel_temp[1]" File: /opt/intelFPGA/17.0/quartus/libraries/megafunctions/altera_pll.v Line: 425
        Warning (14320): Synthesized away node "pll_hdmi:pll_hdmi|pll_hdmi_0002:pll_hdmi_inst|altera_pll:altera_pll_i|cntsel_temp[0]" File: /opt/intelFPGA/17.0/quartus/libraries/megafunctions/altera_pll.v Line: 425
        Warning (14320): Synthesized away node "pll_hdmi:pll_hdmi|pll_hdmi_0002:pll_hdmi_inst|altera_pll:altera_pll_i|gnd" File: /opt/intelFPGA/17.0/quartus/libraries/megafunctions/altera_pll.v Line: 427
    Warning (14285): Synthesized away the following RAM node(s):
        Warning (14320): Synthesized away node "emu:emu|video_path:video_path|dualport_ram_unreg:rotate_fifo|altsyncram:altsyncram_component|altsyncram_hqj2:auto_generated|q_a[34]" File: /tmp/h_Arcade-IGSPGM_MiSTer/db/altsyncram_hqj2.tdf Line: 1232
        Warning (14320): Synthesized away node "emu:emu|PGM:pgm_inst|IGS023:igs023|IGS023_Sprite:sprite|IGS023_Buffer:line_buffer|dualport_ram_unreg:gen_line_buf[31].line_buf_inst|altsyncram:altsyncram_component|altsyncram_lkj2:auto_generated|q_a[11]" File: /tmp/h_Arcade-IGSPGM_MiSTer/db/altsyncram_lkj2.tdf Line: 427
        Warning (14320): Synthesized away node "emu:emu|PGM:pgm_inst|IGS023:igs023|IGS023_Sprite:sprite|IGS023_Buffer:line_buffer|dualport_ram_unreg:gen_line_buf[30].line_buf_inst|altsyncram:altsyncram_component|altsyncram_lkj2:auto_generated|q_a[11]" File: /tmp/h_Arcade-IGSPGM_MiSTer/db/altsyncram_lkj2.tdf Line: 427
        Warning (14320): Synthesized away node "emu:emu|PGM:pgm_inst|IGS023:igs023|IGS023_Sprite:sprite|IGS023_Buffer:line_buffer|dualport_ram_unreg:gen_line_buf[29].line_buf_inst|altsyncram:altsyncram_component|altsyncram_lkj2:auto_generated|q_a[11]" File: /tmp/h_Arcade-IGSPGM_MiSTer/db/altsyncram_lkj2.tdf Line: 427
        Warning (14320): Synthesized away node "emu:emu|PGM:pgm_inst|IGS023:igs023|IGS023_Sprite:sprite|IGS023_Buffer:line_buffer|dualport_ram_unreg:gen_line_buf[28].line_buf_inst|altsyncram:altsyncram_component|altsyncram_lkj2:auto_generated|q_a[11]" File: /tmp/h_Arcade-IGSPGM_MiSTer/db/altsyncram_lkj2.tdf Line: 427
        Warning (14320): Synthesized away node "emu:emu|PGM:pgm_inst|IGS023:igs023|IGS023_Sprite:sprite|IGS023_Buffer:line_buffer|dualport_ram_unreg:gen_line_buf[27].line_buf_inst|altsyncram:altsyncram_component|altsyncram_lkj2:auto_generated|q_a[11]" File: /tmp/h_Arcade-IGSPGM_MiSTer/db/altsyncram_lkj2.tdf Line: 427
        Warning (14320): Synthesized away node "emu:emu|PGM:pgm_inst|IGS023:igs023|IGS023_Sprite:sprite|IGS023_Buffer:line_buffer|dualport_ram_unreg:gen_line_buf[26].line_buf_inst|altsyncram:altsyncram_component|altsyncram_lkj2:auto_generated|q_a[11]" File: /tmp/h_Arcade-IGSPGM_MiSTer/db/altsyncram_lkj2.tdf Line: 427
        Warning (14320): Synthesized away node "emu:emu|PGM:pgm_inst|IGS023:igs023|IGS023_Sprite:sprite|IGS023_Buffer:line_buffer|dualport_ram_unreg:gen_line_buf[25].line_buf_inst|altsyncram:altsyncram_component|altsyncram_lkj2:auto_generated|q_a[11]" File: /tmp/h_Arcade-IGSPGM_MiSTer/db/altsyncram_lkj2.tdf Line: 427
        Warning (14320): Synthesized away node "emu:emu|PGM:pgm_inst|IGS023:igs023|IGS023_Sprite:sprite|IGS023_Buffer:line_buffer|dualport_ram_unreg:gen_line_buf[24].line_buf_inst|altsyncram:altsyncram_component|altsyncram_lkj2:auto_generated|q_a[11]" File: /tmp/h_Arcade-IGSPGM_MiSTer/db/altsyncram_lkj2.tdf Line: 427
        Warning (14320): Synthesized away node "emu:emu|PGM:pgm_inst|IGS023:igs023|IGS023_Sprite:sprite|IGS023_Buffer:line_buffer|dualport_ram_unreg:gen_line_buf[23].line_buf_inst|altsyncram:altsyncram_component|altsyncram_lkj2:auto_generated|q_a[11]" File: /tmp/h_Arcade-IGSPGM_MiSTer/db/altsyncram_lkj2.tdf Line: 427
        Warning (14320): Synthesized away node "emu:emu|PGM:pgm_inst|IGS023:igs023|IGS023_Sprite:sprite|IGS023_Buffer:line_buffer|dualport_ram_unreg:gen_line_buf[22].line_buf_inst|altsyncram:altsyncram_component|altsyncram_lkj2:auto_generated|q_a[11]" File: /tmp/h_Arcade-IGSPGM_MiSTer/db/altsyncram_lkj2.tdf Line: 427
        Warning (14320): Synthesized away node "emu:emu|PGM:pgm_inst|IGS023:igs023|IGS023_Sprite:sprite|IGS023_Buffer:line_buffer|dualport_ram_unreg:gen_line_buf[21].line_buf_inst|altsyncram:altsyncram_component|altsyncram_lkj2:auto_generated|q_a[11]" File: /tmp/h_Arcade-IGSPGM_MiSTer/db/altsyncram_lkj2.tdf Line: 427
        Warning (14320): Synthesized away node "emu:emu|PGM:pgm_inst|IGS023:igs023|IGS023_Sprite:sprite|IGS023_Buffer:line_buffer|dualport_ram_unreg:gen_line_buf[20].line_buf_inst|altsyncram:altsyncram_component|altsyncram_lkj2:auto_generated|q_a[11]" File: /tmp/h_Arcade-IGSPGM_MiSTer/db/altsyncram_lkj2.tdf Line: 427
        Warning (14320): Synthesized away node "emu:emu|PGM:pgm_inst|IGS023:igs023|IGS023_Sprite:sprite|IGS023_Buffer:line_buffer|dualport_ram_unreg:gen_line_buf[19].line_buf_inst|altsyncram:altsyncram_component|altsyncram_lkj2:auto_generated|q_a[11]" File: /tmp/h_Arcade-IGSPGM_MiSTer/db/altsyncram_lkj2.tdf Line: 427
        Warning (14320): Synthesized away node "emu:emu|PGM:pgm_inst|IGS023:igs023|IGS023_Sprite:sprite|IGS023_Buffer:line_buffer|dualport_ram_unreg:gen_line_buf[18].line_buf_inst|altsyncram:altsyncram_component|altsyncram_lkj2:auto_generated|q_a[11]" File: /tmp/h_Arcade-IGSPGM_MiSTer/db/altsyncram_lkj2.tdf Line: 427
        Warning (14320): Synthesized away node "emu:emu|PGM:pgm_inst|IGS023:igs023|IGS023_Sprite:sprite|IGS023_Buffer:line_buffer|dualport_ram_unreg:gen_line_buf[17].line_buf_inst|altsyncram:altsyncram_component|altsyncram_lkj2:auto_generated|q_a[11]" File: /tmp/h_Arcade-IGSPGM_MiSTer/db/altsyncram_lkj2.tdf Line: 427
        Warning (14320): Synthesized away node "emu:emu|PGM:pgm_inst|IGS023:igs023|IGS023_Sprite:sprite|IGS023_Buffer:line_buffer|dualport_ram_unreg:gen_line_buf[16].line_buf_inst|altsyncram:altsyncram_component|altsyncram_lkj2:auto_generated|q_a[11]" File: /tmp/h_Arcade-IGSPGM_MiSTer/db/altsyncram_lkj2.tdf Line: 427
        Warning (14320): Synthesized away node "emu:emu|PGM:pgm_inst|IGS023:igs023|IGS023_Sprite:sprite|IGS023_Buffer:line_buffer|dualport_ram_unreg:gen_line_buf[15].line_buf_inst|altsyncram:altsyncram_component|altsyncram_lkj2:auto_generated|q_a[11]" File: /tmp/h_Arcade-IGSPGM_MiSTer/db/altsyncram_lkj2.tdf Line: 427
        Warning (14320): Synthesized away node "emu:emu|PGM:pgm_inst|IGS023:igs023|IGS023_Sprite:sprite|IGS023_Buffer:line_buffer|dualport_ram_unreg:gen_line_buf[14].line_buf_inst|altsyncram:altsyncram_component|altsyncram_lkj2:auto_generated|q_a[11]" File: /tmp/h_Arcade-IGSPGM_MiSTer/db/altsyncram_lkj2.tdf Line: 427
        Warning (14320): Synthesized away node "emu:emu|PGM:pgm_inst|IGS023:igs023|IGS023_Sprite:sprite|IGS023_Buffer:line_buffer|dualport_ram_unreg:gen_line_buf[13].line_buf_inst|altsyncram:altsyncram_component|altsyncram_lkj2:auto_generated|q_a[11]" File: /tmp/h_Arcade-IGSPGM_MiSTer/db/altsyncram_lkj2.tdf Line: 427
        Warning (14320): Synthesized away node "emu:emu|PGM:pgm_inst|IGS023:igs023|IGS023_Sprite:sprite|IGS023_Buffer:line_buffer|dualport_ram_unreg:gen_line_buf[12].line_buf_inst|altsyncram:altsyncram_component|altsyncram_lkj2:auto_generated|q_a[11]" File: /tmp/h_Arcade-IGSPGM_MiSTer/db/altsyncram_lkj2.tdf Line: 427
        Warning (14320): Synthesized away node "emu:emu|PGM:pgm_inst|IGS023:igs023|IGS023_Sprite:sprite|IGS023_Buffer:line_buffer|dualport_ram_unreg:gen_line_buf[11].line_buf_inst|altsyncram:altsyncram_component|altsyncram_lkj2:auto_generated|q_a[11]" File: /tmp/h_Arcade-IGSPGM_MiSTer/db/altsyncram_lkj2.tdf Line: 427
        Warning (14320): Synthesized away node "emu:emu|PGM:pgm_inst|IGS023:igs023|IGS023_Sprite:sprite|IGS023_Buffer:line_buffer|dualport_ram_unreg:gen_line_buf[10].line_buf_inst|altsyncram:altsyncram_component|altsyncram_lkj2:auto_generated|q_a[11]" File: /tmp/h_Arcade-IGSPGM_MiSTer/db/altsyncram_lkj2.tdf Line: 427
        Warning (14320): Synthesized away node "emu:emu|PGM:pgm_inst|IGS023:igs023|IGS023_Sprite:sprite|IGS023_Buffer:line_buffer|dualport_ram_unreg:gen_line_buf[9].line_buf_inst|altsyncram:altsyncram_component|altsyncram_lkj2:auto_generated|q_a[11]" File: /tmp/h_Arcade-IGSPGM_MiSTer/db/altsyncram_lkj2.tdf Line: 427
        Warning (14320): Synthesized away node "emu:emu|PGM:pgm_inst|IGS023:igs023|IGS023_Sprite:sprite|IGS023_Buffer:line_buffer|dualport_ram_unreg:gen_line_buf[8].line_buf_inst|altsyncram:altsyncram_component|altsyncram_lkj2:auto_generated|q_a[11]" File: /tmp/h_Arcade-IGSPGM_MiSTer/db/altsyncram_lkj2.tdf Line: 427
        Warning (14320): Synthesized away node "emu:emu|PGM:pgm_inst|IGS023:igs023|IGS023_Sprite:sprite|IGS023_Buffer:line_buffer|dualport_ram_unreg:gen_line_buf[7].line_buf_inst|altsyncram:altsyncram_component|altsyncram_lkj2:auto_generated|q_a[11]" File: /tmp/h_Arcade-IGSPGM_MiSTer/db/altsyncram_lkj2.tdf Line: 427
        Warning (14320): Synthesized away node "emu:emu|PGM:pgm_inst|IGS023:igs023|IGS023_Sprite:sprite|IGS023_Buffer:line_buffer|dualport_ram_unreg:gen_line_buf[6].line_buf_inst|altsyncram:altsyncram_component|altsyncram_lkj2:auto_generated|q_a[11]" File: /tmp/h_Arcade-IGSPGM_MiSTer/db/altsyncram_lkj2.tdf Line: 427
        Warning (14320): Synthesized away node "emu:emu|PGM:pgm_inst|IGS023:igs023|IGS023_Sprite:sprite|IGS023_Buffer:line_buffer|dualport_ram_unreg:gen_line_buf[5].line_buf_inst|altsyncram:altsyncram_component|altsyncram_lkj2:auto_generated|q_a[11]" File: /tmp/h_Arcade-IGSPGM_MiSTer/db/altsyncram_lkj2.tdf Line: 427
        Warning (14320): Synthesized away node "emu:emu|PGM:pgm_inst|IGS023:igs023|IGS023_Sprite:sprite|IGS023_Buffer:line_buffer|dualport_ram_unreg:gen_line_buf[4].line_buf_inst|altsyncram:altsyncram_component|altsyncram_lkj2:auto_generated|q_a[11]" File: /tmp/h_Arcade-IGSPGM_MiSTer/db/altsyncram_lkj2.tdf Line: 427
        Warning (14320): Synthesized away node "emu:emu|PGM:pgm_inst|IGS023:igs023|IGS023_Sprite:sprite|IGS023_Buffer:line_buffer|dualport_ram_unreg:gen_line_buf[3].line_buf_inst|altsyncram:altsyncram_component|altsyncram_lkj2:auto_generated|q_a[11]" File: /tmp/h_Arcade-IGSPGM_MiSTer/db/altsyncram_lkj2.tdf Line: 427
        Warning (14320): Synthesized away node "emu:emu|PGM:pgm_inst|IGS023:igs023|IGS023_Sprite:sprite|IGS023_Buffer:line_buffer|dualport_ram_unreg:gen_line_buf[2].line_buf_inst|altsyncram:altsyncram_component|altsyncram_lkj2:auto_generated|q_a[11]" File: /tmp/h_Arcade-IGSPGM_MiSTer/db/altsyncram_lkj2.tdf Line: 427
        Warning (14320): Synthesized away node "emu:emu|PGM:pgm_inst|IGS023:igs023|IGS023_Sprite:sprite|IGS023_Buffer:line_buffer|dualport_ram_unreg:gen_line_buf[1].line_buf_inst|altsyncram:altsyncram_component|altsyncram_lkj2:auto_generated|q_a[11]" File: /tmp/h_Arcade-IGSPGM_MiSTer/db/altsyncram_lkj2.tdf Line: 427
        Warning (14320): Synthesized away node "emu:emu|PGM:pgm_inst|IGS023:igs023|IGS023_Sprite:sprite|IGS023_Buffer:line_buffer|dualport_ram_unreg:gen_line_buf[0].line_buf_inst|altsyncram:altsyncram_component|altsyncram_lkj2:auto_generated|q_a[11]" File: /tmp/h_Arcade-IGSPGM_MiSTer/db/altsyncram_lkj2.tdf Line: 427
        Warning (14320): Synthesized away node "emu:emu|PGM:pgm_inst|IGS023:igs023|IGS023_Sprite:sprite|IGS023_Buffer:line_buffer|dualport_ram_unreg:ddr_cache_data|altsyncram:altsyncram_component|altsyncram_hqj2:auto_generated|q_a[15]" File: /tmp/h_Arcade-IGSPGM_MiSTer/db/altsyncram_hqj2.tdf Line: 567
        Warning (14320): Synthesized away node "emu:emu|PGM:pgm_inst|IGS023:igs023|IGS023_Sprite:sprite|IGS023_Buffer:line_buffer|dualport_ram_unreg:ddr_cache_data|altsyncram:altsyncram_component|altsyncram_hqj2:auto_generated|q_a[31]" File: /tmp/h_Arcade-IGSPGM_MiSTer/db/altsyncram_hqj2.tdf Line: 1127
        Warning (14320): Synthesized away node "emu:emu|PGM:pgm_inst|IGS023:igs023|IGS023_Sprite:sprite|IGS023_Buffer:line_buffer|dualport_ram_unreg:ddr_cache_data|altsyncram:altsyncram_component|altsyncram_hqj2:auto_generated|q_a[47]" File: /tmp/h_Arcade-IGSPGM_MiSTer/db/altsyncram_hqj2.tdf Line: 1687
        Warning (14320): Synthesized away node "emu:emu|PGM:pgm_inst|IGS023:igs023|IGS023_Sprite:sprite|IGS023_Buffer:line_buffer|dualport_ram_unreg:ddr_cache_data|altsyncram:altsyncram_component|altsyncram_hqj2:auto_generated|q_a[63]" File: /tmp/h_Arcade-IGSPGM_MiSTer/db/altsyncram_hqj2.tdf Line: 2247
Warning (14284): Synthesized away the following node(s):
    Warning (14285): Synthesized away the following RAM node(s):
        Warning (14320): Synthesized away node "emu:emu|PGM:pgm_inst|ics2115:ics2115|dualport_ram_unreg:voice_ram|altsyncram:altsyncram_component|altsyncram_rkj2:auto_generated|q_a[0]" File: /tmp/h_Arcade-IGSPGM_MiSTer/db/altsyncram_rkj2.tdf Line: 42
Info (286030): Timing-Driven Synthesis is running
Info (276014): Found 11 instances of uninferred RAM logic
    Info (276004): RAM logic "emu:emu|video_path:video_path|jtframe_resync:jtframe_resync|hs_pos" is uninferred due to inappropriate RAM size File: /tmp/h_Arcade-IGSPGM_MiSTer/rtl/jtframe_resync.v Line: 34
    Info (276004): RAM logic "emu:emu|video_path:video_path|jtframe_resync:jtframe_resync|vs_hpos" is uninferred due to inappropriate RAM size File: /tmp/h_Arcade-IGSPGM_MiSTer/rtl/jtframe_resync.v Line: 34
    Info (276004): RAM logic "emu:emu|video_path:video_path|jtframe_resync:jtframe_resync|vs_vpos" is uninferred due to inappropriate RAM size File: /tmp/h_Arcade-IGSPGM_MiSTer/rtl/jtframe_resync.v Line: 34
    Info (276004): RAM logic "emu:emu|video_path:video_path|jtframe_resync:jtframe_resync|hs_len" is uninferred due to inappropriate RAM size File: /tmp/h_Arcade-IGSPGM_MiSTer/rtl/jtframe_resync.v Line: 35
    Info (276004): RAM logic "emu:emu|video_path:video_path|jtframe_resync:jtframe_resync|vs_len" is uninferred due to inappropriate RAM size File: /tmp/h_Arcade-IGSPGM_MiSTer/rtl/jtframe_resync.v Line: 35
    Info (276004): RAM logic "emu:emu|PGM:pgm_inst|ss_irq_handler" is uninferred due to inappropriate RAM size File: /tmp/h_Arcade-IGSPGM_MiSTer/rtl/PGM.sv Line: 231
    Info (276004): RAM logic "emu:emu|PGM:pgm_inst|save_state_data:save_state_data|memory_stream:memory_stream|word_end" is uninferred due to inappropriate RAM size File: /tmp/h_Arcade-IGSPGM_MiSTer/rtl/memory_stream.sv Line: 74
    Info (276004): RAM logic "emu:emu|PGM:pgm_inst|ics2115:ics2115|ics2115_osc:u_osc|Ram0" is uninferred due to inappropriate RAM size File: /tmp/h_Arcade-IGSPGM_MiSTer/rtl/ics2115/ics2115_osc.sv Line: 151
    Info (276007): RAM logic "emu:emu|PGM:pgm_inst|igs025:igs025|igs025_src_tables:tables|mem" is uninferred due to asynchronous read logic File: /tmp/h_Arcade-IGSPGM_MiSTer/rtl/igs025_src_tables.sv Line: 11
    Info (276004): RAM logic "emu:emu|PGM:pgm_inst|IGS023:igs023|IGS023_BG:bg|slot_increment" is uninferred due to inappropriate RAM size File: /tmp/h_Arcade-IGSPGM_MiSTer/rtl/igs023_bg.sv Line: 63
    Info (276004): RAM logic "emu:emu|joydb:joydb|joy_db9saturn:joy_db9saturn_i|joySatSr" is uninferred due to inappropriate RAM size File: /tmp/h_Arcade-IGSPGM_MiSTer/sys/joydb9saturn.v Line: 102
Critical Warning (127005): Memory depth (8192) in the design file differs from memory depth (5120) in the Memory Initialization File "/tmp/h_Arcade-IGSPGM_MiSTer/db/Arcade-IGSPGM.ram0_igs025_src_tables_9921c531.hdl.mif" -- setting initial value for remaining addresses to 0
Warning (13046): Tri-state node(s) do not directly drive top-level pin(s)
    Warning (13049): Converted tri-state buffer "emu:emu|SD_CS" feeding internal logic into a wire File: /tmp/h_Arcade-IGSPGM_MiSTer/Arcade-IGSPGM.sv Line: 114
Critical Warning (127005): Memory depth (8) in the design file differs from memory depth (5) in the Memory Initialization File "/tmp/h_Arcade-IGSPGM_MiSTer/db/Arcade-IGSPGM.ram0_IGS023_BG_f24a5931.hdl.mif" -- setting initial value for remaining addresses to 0
Info (19000): Inferred 36 megafunctions from design logic
    Info (276029): Inferred altsyncram megafunction from the following design logic: "emu:emu|video_path:video_path|video_mixer:video_mixer|scandoubler:sd|Hq2x:Hq2x|hq2x_buf:hq2x_out|ram_rtl_0" 
        Info (286033): Parameter OPERATION_MODE set to DUAL_PORT
        Info (286033): Parameter WIDTH_A set to 96
        Info (286033): Parameter WIDTHAD_A set to 10
        Info (286033): Parameter NUMWORDS_A set to 648
        Info (286033): Parameter WIDTH_B set to 96
        Info (286033): Parameter WIDTHAD_B set to 10
        Info (286033): Parameter NUMWORDS_B set to 648
        Info (286033): Parameter ADDRESS_ACLR_A set to NONE
        Info (286033): Parameter OUTDATA_REG_B set to UNREGISTERED
        Info (286033): Parameter ADDRESS_ACLR_B set to NONE
        Info (286033): Parameter OUTDATA_ACLR_B set to NONE
        Info (286033): Parameter ADDRESS_REG_B set to CLOCK0
        Info (286033): Parameter INDATA_ACLR_A set to NONE
        Info (286033): Parameter WRCONTROL_ACLR_A set to NONE
        Info (286033): Parameter READ_DURING_WRITE_MODE_MIXED_PORTS set to OLD_DATA
    Info (276029): Inferred altsyncram megafunction from the following design logic: "emu:emu|video_path:video_path|video_mixer:video_mixer|scandoubler:sd|Hq2x:Hq2x|hq2x_in:hq2x_in|hq2x_buf:buf1|ram_rtl_0" 
        Info (286033): Parameter OPERATION_MODE set to DUAL_PORT
        Info (286033): Parameter WIDTH_A set to 24
        Info (286033): Parameter WIDTHAD_A set to 9
        Info (286033): Parameter NUMWORDS_A set to 324
        Info (286033): Parameter WIDTH_B set to 24
        Info (286033): Parameter WIDTHAD_B set to 9
        Info (286033): Parameter NUMWORDS_B set to 324
        Info (286033): Parameter ADDRESS_ACLR_A set to NONE
        Info (286033): Parameter OUTDATA_REG_B set to UNREGISTERED
        Info (286033): Parameter ADDRESS_ACLR_B set to NONE
        Info (286033): Parameter OUTDATA_ACLR_B set to NONE
        Info (286033): Parameter ADDRESS_REG_B set to CLOCK0
        Info (286033): Parameter INDATA_ACLR_A set to NONE
        Info (286033): Parameter WRCONTROL_ACLR_A set to NONE
        Info (286033): Parameter READ_DURING_WRITE_MODE_MIXED_PORTS set to OLD_DATA
    Info (276029): Inferred altsyncram megafunction from the following design logic: "emu:emu|video_path:video_path|video_mixer:video_mixer|scandoubler:sd|Hq2x:Hq2x|hq2x_in:hq2x_in|hq2x_buf:buf0|ram_rtl_0" 
        Info (286033): Parameter OPERATION_MODE set to DUAL_PORT
        Info (286033): Parameter WIDTH_A set to 24
        Info (286033): Parameter WIDTHAD_A set to 9
        Info (286033): Parameter NUMWORDS_A set to 324
        Info (286033): Parameter WIDTH_B set to 24
        Info (286033): Parameter WIDTHAD_B set to 9
        Info (286033): Parameter NUMWORDS_B set to 324
        Info (286033): Parameter ADDRESS_ACLR_A set to NONE
        Info (286033): Parameter OUTDATA_REG_B set to UNREGISTERED
        Info (286033): Parameter ADDRESS_ACLR_B set to NONE
        Info (286033): Parameter OUTDATA_ACLR_B set to NONE
        Info (286033): Parameter ADDRESS_REG_B set to CLOCK0
        Info (286033): Parameter INDATA_ACLR_A set to NONE
        Info (286033): Parameter WRCONTROL_ACLR_A set to NONE
        Info (286033): Parameter READ_DURING_WRITE_MODE_MIXED_PORTS set to OLD_DATA
    Info (276029): Inferred altsyncram megafunction from the following design logic: "emu:emu|video_path:video_path|video_mixer:video_mixer|gamma_corr:gamma|gamma_curve_rtl_0" 
        Info (286033): Parameter OPERATION_MODE set to DUAL_PORT
        Info (286033): Parameter WIDTH_A set to 8
        Info (286033): Parameter WIDTHAD_A set to 10
        Info (286033): Parameter NUMWORDS_A set to 768
        Info (286033): Parameter WIDTH_B set to 8
        Info (286033): Parameter WIDTHAD_B set to 10
        Info (286033): Parameter NUMWORDS_B set to 768
        Info (286033): Parameter ADDRESS_ACLR_A set to NONE
        Info (286033): Parameter OUTDATA_REG_B set to UNREGISTERED
        Info (286033): Parameter ADDRESS_ACLR_B set to NONE
        Info (286033): Parameter OUTDATA_ACLR_B set to NONE
        Info (286033): Parameter ADDRESS_REG_B set to CLOCK0
        Info (286033): Parameter INDATA_ACLR_A set to NONE
        Info (286033): Parameter WRCONTROL_ACLR_A set to NONE
    Info (276029): Inferred altsyncram megafunction from the following design logic: "emu:emu|PGM:pgm_inst|auto_save_adaptor2:z80_ss_adaptor|idx_map_rtl_0" 
        Info (286033): Parameter OPERATION_MODE set to DUAL_PORT
        Info (286033): Parameter WIDTH_A set to 24
        Info (286033): Parameter WIDTHAD_A set to 9
        Info (286033): Parameter NUMWORDS_A set to 512
        Info (286033): Parameter WIDTH_B set to 24
        Info (286033): Parameter WIDTHAD_B set to 9
        Info (286033): Parameter NUMWORDS_B set to 512
        Info (286033): Parameter ADDRESS_ACLR_A set to NONE
        Info (286033): Parameter OUTDATA_REG_B set to UNREGISTERED
        Info (286033): Parameter ADDRESS_ACLR_B set to NONE
        Info (286033): Parameter OUTDATA_ACLR_B set to NONE
        Info (286033): Parameter ADDRESS_REG_B set to CLOCK0
        Info (286033): Parameter INDATA_ACLR_A set to NONE
        Info (286033): Parameter WRCONTROL_ACLR_A set to NONE
        Info (286033): Parameter READ_DURING_WRITE_MODE_MIXED_PORTS set to OLD_DATA
    Info (276029): Inferred altsyncram megafunction from the following design logic: "emu:emu|PGM:pgm_inst|rom_cache:rom_cache|cache_data_rtl_0" 
        Info (286033): Parameter OPERATION_MODE set to DUAL_PORT
        Info (286033): Parameter WIDTH_A set to 64
        Info (286033): Parameter WIDTHAD_A set to 11
        Info (286033): Parameter NUMWORDS_A set to 2048
        Info (286033): Parameter WIDTH_B set to 64
        Info (286033): Parameter WIDTHAD_B set to 11
        Info (286033): Parameter NUMWORDS_B set to 2048
        Info (286033): Parameter ADDRESS_ACLR_A set to NONE
        Info (286033): Parameter OUTDATA_REG_B set to UNREGISTERED
        Info (286033): Parameter ADDRESS_ACLR_B set to NONE
        Info (286033): Parameter OUTDATA_ACLR_B set to NONE
        Info (286033): Parameter ADDRESS_REG_B set to CLOCK0
        Info (286033): Parameter INDATA_ACLR_A set to NONE
        Info (286033): Parameter WRCONTROL_ACLR_A set to NONE
        Info (286033): Parameter READ_DURING_WRITE_MODE_MIXED_PORTS set to OLD_DATA
    Info (276029): Inferred altsyncram megafunction from the following design logic: "emu:emu|PGM:pgm_inst|rom_cache:rom_cache|cache_tag_rtl_0" 
        Info (286033): Parameter OPERATION_MODE set to DUAL_PORT
        Info (286033): Parameter WIDTH_A set to 12
        Info (286033): Parameter WIDTHAD_A set to 11
        Info (286033): Parameter NUMWORDS_A set to 2048
        Info (286033): Parameter WIDTH_B set to 12
        Info (286033): Parameter WIDTHAD_B set to 11
        Info (286033): Parameter NUMWORDS_B set to 2048
        Info (286033): Parameter ADDRESS_ACLR_A set to NONE
        Info (286033): Parameter OUTDATA_REG_B set to UNREGISTERED
        Info (286033): Parameter ADDRESS_ACLR_B set to NONE
        Info (286033): Parameter OUTDATA_ACLR_B set to NONE
        Info (286033): Parameter ADDRESS_REG_B set to CLOCK0
        Info (286033): Parameter INDATA_ACLR_A set to NONE
        Info (286033): Parameter WRCONTROL_ACLR_A set to NONE
        Info (286033): Parameter READ_DURING_WRITE_MODE_MIXED_PORTS set to OLD_DATA
    Info (276029): Inferred altsyncram megafunction from the following design logic: "emu:emu|PGM:pgm_inst|ics2115:ics2115|ics2115_tables:u_tables|vol_mem_rtl_0" 
        Info (286033): Parameter OPERATION_MODE set to ROM
        Info (286033): Parameter WIDTH_A set to 16
        Info (286033): Parameter WIDTHAD_A set to 12
        Info (286033): Parameter NUMWORDS_A set to 4096
        Info (286033): Parameter OUTDATA_REG_A set to UNREGISTERED
        Info (286033): Parameter ADDRESS_ACLR_A set to NONE
        Info (286033): Parameter OUTDATA_ACLR_A set to NONE
        Info (286033): Parameter INDATA_ACLR_A set to NONE
        Info (286033): Parameter WRCONTROL_ACLR_A set to NONE
        Info (286033): Parameter INIT_FILE set to db/Arcade-IGSPGM.ram0_ics2115_tables_735a3eaa.hdl.mif
    Info (276029): Inferred altsyncram megafunction from the following design logic: "emu:emu|PGM:pgm_inst|audio_rom_cache:audio_rom_cache|cached_data_rtl_0" 
        Info (286033): Parameter OPERATION_MODE set to DUAL_PORT
        Info (286033): Parameter WIDTH_A set to 64
        Info (286033): Parameter WIDTHAD_A set to 6
        Info (286033): Parameter NUMWORDS_A set to 64
        Info (286033): Parameter WIDTH_B set to 64
        Info (286033): Parameter WIDTHAD_B set to 6
        Info (286033): Parameter NUMWORDS_B set to 64
        Info (286033): Parameter ADDRESS_ACLR_A set to NONE
        Info (286033): Parameter OUTDATA_REG_B set to UNREGISTERED
        Info (286033): Parameter ADDRESS_ACLR_B set to NONE
        Info (286033): Parameter OUTDATA_ACLR_B set to NONE
        Info (286033): Parameter ADDRESS_REG_B set to CLOCK0
        Info (286033): Parameter INDATA_ACLR_A set to NONE
        Info (286033): Parameter WRCONTROL_ACLR_A set to NONE
        Info (286033): Parameter READ_DURING_WRITE_MODE_MIXED_PORTS set to OLD_DATA
    Info (276029): Inferred altsyncram megafunction from the following design logic: "emu:emu|PGM:pgm_inst|audio_rom_cache:audio_rom_cache|cached_tags_rtl_0" 
        Info (286033): Parameter OPERATION_MODE set to DUAL_PORT
        Info (286033): Parameter WIDTH_A set to 23
        Info (286033): Parameter WIDTHAD_A set to 6
        Info (286033): Parameter NUMWORDS_A set to 64
        Info (286033): Parameter WIDTH_B set to 23
        Info (286033): Parameter WIDTHAD_B set to 6
        Info (286033): Parameter NUMWORDS_B set to 64
        Info (286033): Parameter ADDRESS_ACLR_A set to NONE
        Info (286033): Parameter OUTDATA_REG_B set to UNREGISTERED
        Info (286033): Parameter ADDRESS_ACLR_B set to NONE
        Info (286033): Parameter OUTDATA_ACLR_B set to NONE
        Info (286033): Parameter ADDRESS_REG_B set to CLOCK0
        Info (286033): Parameter INDATA_ACLR_A set to NONE
        Info (286033): Parameter WRCONTROL_ACLR_A set to NONE
        Info (286033): Parameter READ_DURING_WRITE_MODE_MIXED_PORTS set to OLD_DATA
    Info (276029): Inferred altsyncram megafunction from the following design logic: "emu:emu|PGM:pgm_inst|IGS023:igs023|IGS023_Sprite:sprite|sprite_d0_rtl_0" 
        Info (286033): Parameter OPERATION_MODE set to DUAL_PORT
        Info (286033): Parameter WIDTH_A set to 16
        Info (286033): Parameter WIDTHAD_A set to 8
        Info (286033): Parameter NUMWORDS_A set to 256
        Info (286033): Parameter WIDTH_B set to 16
        Info (286033): Parameter WIDTHAD_B set to 8
        Info (286033): Parameter NUMWORDS_B set to 256
        Info (286033): Parameter ADDRESS_ACLR_A set to NONE
        Info (286033): Parameter OUTDATA_REG_B set to UNREGISTERED
        Info (286033): Parameter ADDRESS_ACLR_B set to NONE
        Info (286033): Parameter OUTDATA_ACLR_B set to NONE
        Info (286033): Parameter ADDRESS_REG_B set to CLOCK0
        Info (286033): Parameter INDATA_ACLR_A set to NONE
        Info (286033): Parameter WRCONTROL_ACLR_A set to NONE
        Info (286033): Parameter RAM_BLOCK_TYPE set to M10K
        Info (286033): Parameter READ_DURING_WRITE_MODE_MIXED_PORTS set to OLD_DATA
    Info (276029): Inferred altsyncram megafunction from the following design logic: "emu:emu|PGM:pgm_inst|IGS023:igs023|IGS023_Sprite:sprite|sprite_d1_rtl_0" 
        Info (286033): Parameter OPERATION_MODE set to DUAL_PORT
        Info (286033): Parameter WIDTH_A set to 15
        Info (286033): Parameter WIDTHAD_A set to 8
        Info (286033): Parameter NUMWORDS_A set to 256
        Info (286033): Parameter WIDTH_B set to 15
        Info (286033): Parameter WIDTHAD_B set to 8
        Info (286033): Parameter NUMWORDS_B set to 256
        Info (286033): Parameter ADDRESS_ACLR_A set to NONE
        Info (286033): Parameter OUTDATA_REG_B set to UNREGISTERED
        Info (286033): Parameter ADDRESS_ACLR_B set to NONE
        Info (286033): Parameter OUTDATA_ACLR_B set to NONE
        Info (286033): Parameter ADDRESS_REG_B set to CLOCK0
        Info (286033): Parameter INDATA_ACLR_A set to NONE
        Info (286033): Parameter WRCONTROL_ACLR_A set to NONE
        Info (286033): Parameter RAM_BLOCK_TYPE set to M10K
        Info (286033): Parameter READ_DURING_WRITE_MODE_MIXED_PORTS set to OLD_DATA
        Info (286033): Parameter RDCONTROL_REG_B set to CLOCK0
    Info (276029): Inferred altsyncram megafunction from the following design logic: "emu:emu|PGM:pgm_inst|IGS023:igs023|IGS023_Sprite:sprite|sprite_d3_rtl_0" 
        Info (286033): Parameter OPERATION_MODE set to DUAL_PORT
        Info (286033): Parameter WIDTH_A set to 16
        Info (286033): Parameter WIDTHAD_A set to 8
        Info (286033): Parameter NUMWORDS_A set to 256
        Info (286033): Parameter WIDTH_B set to 16
        Info (286033): Parameter WIDTHAD_B set to 8
        Info (286033): Parameter NUMWORDS_B set to 256
        Info (286033): Parameter ADDRESS_ACLR_A set to NONE
        Info (286033): Parameter OUTDATA_REG_B set to UNREGISTERED
        Info (286033): Parameter ADDRESS_ACLR_B set to NONE
        Info (286033): Parameter OUTDATA_ACLR_B set to NONE
        Info (286033): Parameter ADDRESS_REG_B set to CLOCK0
        Info (286033): Parameter INDATA_ACLR_A set to NONE
        Info (286033): Parameter WRCONTROL_ACLR_A set to NONE
        Info (286033): Parameter RAM_BLOCK_TYPE set to M10K
        Info (286033): Parameter READ_DURING_WRITE_MODE_MIXED_PORTS set to OLD_DATA
        Info (286033): Parameter RDCONTROL_REG_B set to CLOCK0
    Info (276029): Inferred altsyncram megafunction from the following design logic: "emu:emu|PGM:pgm_inst|IGS023:igs023|IGS023_Sprite:sprite|sprite_d4_rtl_0" 
        Info (286033): Parameter OPERATION_MODE set to DUAL_PORT
        Info (286033): Parameter WIDTH_A set to 15
        Info (286033): Parameter WIDTHAD_A set to 8
        Info (286033): Parameter NUMWORDS_A set to 256
        Info (286033): Parameter WIDTH_B set to 15
        Info (286033): Parameter WIDTHAD_B set to 8
        Info (286033): Parameter NUMWORDS_B set to 256
        Info (286033): Parameter ADDRESS_ACLR_A set to NONE
        Info (286033): Parameter OUTDATA_REG_B set to UNREGISTERED
        Info (286033): Parameter ADDRESS_ACLR_B set to NONE
        Info (286033): Parameter OUTDATA_ACLR_B set to NONE
        Info (286033): Parameter ADDRESS_REG_B set to CLOCK0
        Info (286033): Parameter INDATA_ACLR_A set to NONE
        Info (286033): Parameter WRCONTROL_ACLR_A set to NONE
        Info (286033): Parameter RAM_BLOCK_TYPE set to M10K
        Info (286033): Parameter READ_DURING_WRITE_MODE_MIXED_PORTS set to OLD_DATA
        Info (286033): Parameter RDCONTROL_REG_B set to CLOCK0
    Info (276029): Inferred altsyncram megafunction from the following design logic: "emu:emu|PGM:pgm_inst|IGS023:igs023|IGS023_Sprite:sprite|sprite_state_rtl_0" 
        Info (286033): Parameter OPERATION_MODE set to DUAL_PORT
        Info (286033): Parameter WIDTH_A set to 128
        Info (286033): Parameter WIDTHAD_A set to 8
        Info (286033): Parameter NUMWORDS_A set to 256
        Info (286033): Parameter WIDTH_B set to 128
        Info (286033): Parameter WIDTHAD_B set to 8
        Info (286033): Parameter NUMWORDS_B set to 256
        Info (286033): Parameter ADDRESS_ACLR_A set to NONE
        Info (286033): Parameter OUTDATA_REG_B set to UNREGISTERED
        Info (286033): Parameter ADDRESS_ACLR_B set to NONE
        Info (286033): Parameter OUTDATA_ACLR_B set to NONE
        Info (286033): Parameter ADDRESS_REG_B set to CLOCK0
        Info (286033): Parameter INDATA_ACLR_A set to NONE
        Info (286033): Parameter WRCONTROL_ACLR_A set to NONE
        Info (286033): Parameter READ_DURING_WRITE_MODE_MIXED_PORTS set to OLD_DATA
    Info (276029): Inferred altsyncram megafunction from the following design logic: "emu:emu|PGM:pgm_inst|IGS023:igs023|IGS023_Sprite:sprite|sprite_state_rtl_1" 
        Info (286033): Parameter OPERATION_MODE set to DUAL_PORT
        Info (286033): Parameter WIDTH_A set to 128
        Info (286033): Parameter WIDTHAD_A set to 8
        Info (286033): Parameter NUMWORDS_A set to 256
        Info (286033): Parameter WIDTH_B set to 128
        Info (286033): Parameter WIDTHAD_B set to 8
        Info (286033): Parameter NUMWORDS_B set to 256
        Info (286033): Parameter ADDRESS_ACLR_A set to NONE
        Info (286033): Parameter OUTDATA_REG_B set to UNREGISTERED
        Info (286033): Parameter ADDRESS_ACLR_B set to NONE
        Info (286033): Parameter OUTDATA_ACLR_B set to NONE
        Info (286033): Parameter ADDRESS_REG_B set to CLOCK0
        Info (286033): Parameter INDATA_ACLR_A set to NONE
        Info (286033): Parameter WRCONTROL_ACLR_A set to NONE
        Info (286033): Parameter READ_DURING_WRITE_MODE_MIXED_PORTS set to OLD_DATA
    Info (276029): Inferred altsyncram megafunction from the following design logic: "emu:emu|PGM:pgm_inst|IGS023:igs023|IGS023_FG:fg|color_buffer_rtl_0" 
        Info (286033): Parameter OPERATION_MODE set to DUAL_PORT
        Info (286033): Parameter WIDTH_A set to 32
        Info (286033): Parameter WIDTHAD_A set to 6
        Info (286033): Parameter NUMWORDS_A set to 64
        Info (286033): Parameter WIDTH_B set to 32
        Info (286033): Parameter WIDTHAD_B set to 6
        Info (286033): Parameter NUMWORDS_B set to 64
        Info (286033): Parameter ADDRESS_ACLR_A set to NONE
        Info (286033): Parameter OUTDATA_REG_B set to UNREGISTERED
        Info (286033): Parameter ADDRESS_ACLR_B set to NONE
        Info (286033): Parameter OUTDATA_ACLR_B set to NONE
        Info (286033): Parameter ADDRESS_REG_B set to CLOCK0
        Info (286033): Parameter INDATA_ACLR_A set to NONE
        Info (286033): Parameter WRCONTROL_ACLR_A set to NONE
    Info (276029): Inferred altsyncram megafunction from the following design logic: "emu:emu|PGM:pgm_inst|IGS023:igs023|IGS023_FG:fg|palette_buffer_rtl_0" 
        Info (286033): Parameter OPERATION_MODE set to DUAL_PORT
        Info (286033): Parameter WIDTH_A set to 5
        Info (286033): Parameter WIDTHAD_A set to 6
        Info (286033): Parameter NUMWORDS_A set to 64
        Info (286033): Parameter WIDTH_B set to 5
        Info (286033): Parameter WIDTHAD_B set to 6
        Info (286033): Parameter NUMWORDS_B set to 64
        Info (286033): Parameter ADDRESS_ACLR_A set to NONE
        Info (286033): Parameter OUTDATA_REG_B set to UNREGISTERED
        Info (286033): Parameter ADDRESS_ACLR_B set to NONE
        Info (286033): Parameter OUTDATA_ACLR_B set to NONE
        Info (286033): Parameter ADDRESS_REG_B set to CLOCK0
        Info (286033): Parameter INDATA_ACLR_A set to NONE
        Info (286033): Parameter WRCONTROL_ACLR_A set to NONE
    Info (276029): Inferred altsyncram megafunction from the following design logic: "emu:emu|PGM:pgm_inst|fx68k:m68000|uRom:uRom|uRam_rtl_0" 
        Info (286033): Parameter OPERATION_MODE set to ROM
        Info (286033): Parameter WIDTH_A set to 17
        Info (286033): Parameter WIDTHAD_A set to 10
        Info (286033): Parameter NUMWORDS_A set to 1024
        Info (286033): Parameter OUTDATA_REG_A set to UNREGISTERED
        Info (286033): Parameter ADDRESS_ACLR_A set to NONE
        Info (286033): Parameter OUTDATA_ACLR_A set to NONE
        Info (286033): Parameter INDATA_ACLR_A set to NONE
        Info (286033): Parameter WRCONTROL_ACLR_A set to NONE
        Info (286033): Parameter INIT_FILE set to db/Arcade-IGSPGM.ram0_uRom_41e27d.hdl.mif
    Info (276029): Inferred altsyncram megafunction from the following design logic: "emu:emu|PGM:pgm_inst|fx68k:m68000|nanoRom:nanoRom|nRam_rtl_0" 
        Info (286033): Parameter OPERATION_MODE set to ROM
        Info (286033): Parameter WIDTH_A set to 68
        Info (286033): Parameter WIDTHAD_A set to 9
        Info (286033): Parameter NUMWORDS_A set to 336
        Info (286033): Parameter OUTDATA_REG_A set to UNREGISTERED
        Info (286033): Parameter ADDRESS_ACLR_A set to NONE
        Info (286033): Parameter OUTDATA_ACLR_A set to NONE
        Info (286033): Parameter INDATA_ACLR_A set to NONE
        Info (286033): Parameter WRCONTROL_ACLR_A set to NONE
        Info (286033): Parameter INIT_FILE set to db/Arcade-IGSPGM.ram0_nanoRom_eb8e7439.hdl.mif
    Info (276029): Inferred altsyncram megafunction from the following design logic: "osd:vga_osd|osd_buffer_rtl_0" 
        Info (286033): Parameter OPERATION_MODE set to DUAL_PORT
        Info (286033): Parameter WIDTH_A set to 8
        Info (286033): Parameter WIDTHAD_A set to 12
        Info (286033): Parameter NUMWORDS_A set to 4096
        Info (286033): Parameter WIDTH_B set to 8
        Info (286033): Parameter WIDTHAD_B set to 12
        Info (286033): Parameter NUMWORDS_B set to 4096
        Info (286033): Parameter ADDRESS_ACLR_A set to NONE
        Info (286033): Parameter OUTDATA_REG_B set to UNREGISTERED
        Info (286033): Parameter ADDRESS_ACLR_B set to NONE
        Info (286033): Parameter OUTDATA_ACLR_B set to NONE
        Info (286033): Parameter ADDRESS_REG_B set to CLOCK0
        Info (286033): Parameter INDATA_ACLR_A set to NONE
        Info (286033): Parameter WRCONTROL_ACLR_A set to NONE
        Info (286033): Parameter RDCONTROL_REG_B set to CLOCK0
    Info (276029): Inferred altsyncram megafunction from the following design logic: "osd:hdmi_osd|osd_buffer_rtl_0" 
        Info (286033): Parameter OPERATION_MODE set to DUAL_PORT
        Info (286033): Parameter WIDTH_A set to 8
        Info (286033): Parameter WIDTHAD_A set to 12
        Info (286033): Parameter NUMWORDS_A set to 4096
        Info (286033): Parameter WIDTH_B set to 8
        Info (286033): Parameter WIDTHAD_B set to 12
        Info (286033): Parameter NUMWORDS_B set to 4096
        Info (286033): Parameter ADDRESS_ACLR_A set to NONE
        Info (286033): Parameter OUTDATA_REG_B set to UNREGISTERED
        Info (286033): Parameter ADDRESS_ACLR_B set to NONE
        Info (286033): Parameter OUTDATA_ACLR_B set to NONE
        Info (286033): Parameter ADDRESS_REG_B set to CLOCK1
        Info (286033): Parameter INDATA_ACLR_A set to NONE
        Info (286033): Parameter WRCONTROL_ACLR_A set to NONE
    Info (276029): Inferred altsyncram megafunction from the following design logic: "shadowmask:HDMI_shadowmask|mask_lut_rtl_0" 
        Info (286033): Parameter OPERATION_MODE set to DUAL_PORT
        Info (286033): Parameter WIDTH_A set to 11
        Info (286033): Parameter WIDTHAD_A set to 8
        Info (286033): Parameter NUMWORDS_A set to 256
        Info (286033): Parameter WIDTH_B set to 11
        Info (286033): Parameter WIDTHAD_B set to 8
        Info (286033): Parameter NUMWORDS_B set to 256
        Info (286033): Parameter ADDRESS_ACLR_A set to NONE
        Info (286033): Parameter OUTDATA_REG_B set to UNREGISTERED
        Info (286033): Parameter ADDRESS_ACLR_B set to NONE
        Info (286033): Parameter OUTDATA_ACLR_B set to NONE
        Info (286033): Parameter ADDRESS_REG_B set to CLOCK1
        Info (286033): Parameter INDATA_ACLR_A set to NONE
        Info (286033): Parameter WRCONTROL_ACLR_A set to NONE
    Info (276029): Inferred altsyncram megafunction from the following design logic: "ascal:ascal|i_dpram_rtl_0" 
        Info (286033): Parameter OPERATION_MODE set to DUAL_PORT
        Info (286033): Parameter WIDTH_A set to 128
        Info (286033): Parameter WIDTHAD_A set to 5
        Info (286033): Parameter NUMWORDS_A set to 32
        Info (286033): Parameter WIDTH_B set to 128
        Info (286033): Parameter WIDTHAD_B set to 5
        Info (286033): Parameter NUMWORDS_B set to 32
        Info (286033): Parameter ADDRESS_ACLR_A set to NONE
        Info (286033): Parameter OUTDATA_REG_B set to UNREGISTERED
        Info (286033): Parameter ADDRESS_ACLR_B set to NONE
        Info (286033): Parameter OUTDATA_ACLR_B set to NONE
        Info (286033): Parameter ADDRESS_REG_B set to CLOCK1
        Info (286033): Parameter INDATA_ACLR_A set to NONE
        Info (286033): Parameter WRCONTROL_ACLR_A set to NONE
    Info (276029): Inferred altsyncram megafunction from the following design logic: "ascal:ascal|pal1_mem_rtl_0" 
        Info (286033): Parameter OPERATION_MODE set to DUAL_PORT
        Info (286033): Parameter WIDTH_A set to 48
        Info (286033): Parameter WIDTHAD_A set to 7
        Info (286033): Parameter NUMWORDS_A set to 128
        Info (286033): Parameter WIDTH_B set to 48
        Info (286033): Parameter WIDTHAD_B set to 7
        Info (286033): Parameter NUMWORDS_B set to 128
        Info (286033): Parameter ADDRESS_ACLR_A set to NONE
        Info (286033): Parameter OUTDATA_REG_B set to UNREGISTERED
        Info (286033): Parameter ADDRESS_ACLR_B set to NONE
        Info (286033): Parameter OUTDATA_ACLR_B set to NONE
        Info (286033): Parameter ADDRESS_REG_B set to CLOCK1
        Info (286033): Parameter INDATA_ACLR_A set to NONE
        Info (286033): Parameter WRCONTROL_ACLR_A set to NONE
    Info (276029): Inferred altsyncram megafunction from the following design logic: "ascal:ascal|o_dpram_rtl_0" 
        Info (286033): Parameter OPERATION_MODE set to DUAL_PORT
        Info (286033): Parameter WIDTH_A set to 128
        Info (286033): Parameter WIDTHAD_A set to 5
        Info (286033): Parameter NUMWORDS_A set to 32
        Info (286033): Parameter WIDTH_B set to 128
        Info (286033): Parameter WIDTHAD_B set to 5
        Info (286033): Parameter NUMWORDS_B set to 32
        Info (286033): Parameter ADDRESS_ACLR_A set to NONE
        Info (286033): Parameter OUTDATA_REG_B set to CLOCK1
        Info (286033): Parameter ADDRESS_ACLR_B set to NONE
        Info (286033): Parameter OUTDATA_ACLR_B set to NONE
        Info (286033): Parameter ADDRESS_REG_B set to CLOCK1
        Info (286033): Parameter INDATA_ACLR_A set to NONE
        Info (286033): Parameter WRCONTROL_ACLR_A set to NONE
    Info (276029): Inferred altsyncram megafunction from the following design logic: "ascal:ascal|o_h_poly_mem_rtl_0" 
        Info (286033): Parameter OPERATION_MODE set to DUAL_PORT
        Info (286033): Parameter WIDTH_A set to 40
        Info (286033): Parameter WIDTHAD_A set to 8
        Info (286033): Parameter NUMWORDS_A set to 256
        Info (286033): Parameter WIDTH_B set to 40
        Info (286033): Parameter WIDTHAD_B set to 8
        Info (286033): Parameter NUMWORDS_B set to 256
        Info (286033): Parameter ADDRESS_ACLR_A set to NONE
        Info (286033): Parameter OUTDATA_REG_B set to UNREGISTERED
        Info (286033): Parameter ADDRESS_ACLR_B set to NONE
        Info (286033): Parameter OUTDATA_ACLR_B set to NONE
        Info (286033): Parameter ADDRESS_REG_B set to CLOCK1
        Info (286033): Parameter INDATA_ACLR_A set to NONE
        Info (286033): Parameter WRCONTROL_ACLR_A set to NONE
    Info (276029): Inferred altsyncram megafunction from the following design logic: "ascal:ascal|o_v_poly_mem_rtl_0" 
        Info (286033): Parameter OPERATION_MODE set to DUAL_PORT
        Info (286033): Parameter WIDTH_A set to 40
        Info (286033): Parameter WIDTHAD_A set to 8
        Info (286033): Parameter NUMWORDS_A set to 256
        Info (286033): Parameter WIDTH_B set to 40
        Info (286033): Parameter WIDTHAD_B set to 8
        Info (286033): Parameter NUMWORDS_B set to 256
        Info (286033): Parameter ADDRESS_ACLR_A set to NONE
        Info (286033): Parameter OUTDATA_REG_B set to UNREGISTERED
        Info (286033): Parameter ADDRESS_ACLR_B set to NONE
        Info (286033): Parameter OUTDATA_ACLR_B set to NONE
        Info (286033): Parameter ADDRESS_REG_B set to CLOCK1
        Info (286033): Parameter INDATA_ACLR_A set to NONE
        Info (286033): Parameter WRCONTROL_ACLR_A set to NONE
    Info (276029): Inferred altsyncram megafunction from the following design logic: "ascal:ascal|o_a_poly_mem_rtl_0" 
        Info (286033): Parameter OPERATION_MODE set to DUAL_PORT
        Info (286033): Parameter WIDTH_A set to 40
        Info (286033): Parameter WIDTHAD_A set to 8
        Info (286033): Parameter NUMWORDS_A set to 256
        Info (286033): Parameter WIDTH_B set to 40
        Info (286033): Parameter WIDTHAD_B set to 8
        Info (286033): Parameter NUMWORDS_B set to 256
        Info (286033): Parameter ADDRESS_ACLR_A set to NONE
        Info (286033): Parameter OUTDATA_REG_B set to UNREGISTERED
        Info (286033): Parameter ADDRESS_ACLR_B set to NONE
        Info (286033): Parameter OUTDATA_ACLR_B set to NONE
        Info (286033): Parameter ADDRESS_REG_B set to CLOCK1
        Info (286033): Parameter INDATA_ACLR_A set to NONE
        Info (286033): Parameter WRCONTROL_ACLR_A set to NONE
    Info (276034): Inferred altshift_taps megafunction from the following design logic: "ascal:ascal|o_dcptv_rtl_0"
        Info (286033): Parameter NUMBER_OF_TAPS set to 1
        Info (286033): Parameter TAP_DISTANCE set to 14
        Info (286033): Parameter WIDTH set to 11
        Info (286033): Parameter POWER_UP_STATE set to DONT_CARE
    Info (276034): Inferred altshift_taps megafunction from the following design logic: "yc_out:yc_out|phase[2].y_rtl_0"
        Info (286033): Parameter NUMBER_OF_TAPS set to 1
        Info (286033): Parameter TAP_DISTANCE set to 3
        Info (286033): Parameter WIDTH set to 12
        Info (286033): Parameter POWER_UP_STATE set to DONT_CARE
    Info (276034): Inferred altshift_taps megafunction from the following design logic: "shadowmask:HDMI_shadowmask|vid_rtl_0"
        Info (286033): Parameter NUMBER_OF_TAPS set to 1
        Info (286033): Parameter TAP_DISTANCE set to 4
        Info (286033): Parameter WIDTH set to 81
        Info (286033): Parameter POWER_UP_STATE set to DONT_CARE
    Info (276034): Inferred altshift_taps megafunction from the following design logic: "ascal:ascal|o_vpix_inner[2].r_rtl_0"
        Info (286033): Parameter NUMBER_OF_TAPS set to 1
        Info (286033): Parameter TAP_DISTANCE set to 4
        Info (286033): Parameter WIDTH set to 24
        Info (286033): Parameter POWER_UP_STATE set to DONT_CARE
    Info (276034): Inferred altshift_taps megafunction from the following design logic: "emu:emu|video_path:video_path|video_hscale:video_hscale|hs_d1_rtl_0"
        Info (286033): Parameter NUMBER_OF_TAPS set to 1
        Info (286033): Parameter TAP_DISTANCE set to 3
        Info (286033): Parameter WIDTH set to 33
        Info (286033): Parameter POWER_UP_STATE set to DONT_CARE
    Info (276034): Inferred altshift_taps megafunction from the following design logic: "emu:emu|video_path:video_path|video_mixer:video_mixer|scandoubler:sd|Hq2x:Hq2x|Blend:blender|e_rtl_0"
        Info (286033): Parameter NUMBER_OF_TAPS set to 1
        Info (286033): Parameter TAP_DISTANCE set to 3
        Info (286033): Parameter WIDTH set to 24
        Info (286033): Parameter POWER_UP_STATE set to DONT_CARE
    Info (276034): Inferred altshift_taps megafunction from the following design logic: "vga_out:vga_scaler_out|din1_rtl_0"
        Info (286033): Parameter NUMBER_OF_TAPS set to 1
        Info (286033): Parameter TAP_DISTANCE set to 3
        Info (286033): Parameter WIDTH set to 31
        Info (286033): Parameter POWER_UP_STATE set to DONT_CARE
Info (12130): Elaborated megafunction instantiation "emu:emu|video_path:video_path|video_mixer:video_mixer|scandoubler:sd|Hq2x:Hq2x|hq2x_buf:hq2x_out|altsyncram:ram_rtl_0"
Info (12133): Instantiated megafunction "emu:emu|video_path:video_path|video_mixer:video_mixer|scandoubler:sd|Hq2x:Hq2x|hq2x_buf:hq2x_out|altsyncram:ram_rtl_0" with the following parameter:
    Info (12134): Parameter "OPERATION_MODE" = "DUAL_PORT"
    Info (12134): Parameter "WIDTH_A" = "96"
    Info (12134): Parameter "WIDTHAD_A" = "10"
    Info (12134): Parameter "NUMWORDS_A" = "648"
    Info (12134): Parameter "WIDTH_B" = "96"
    Info (12134): Parameter "WIDTHAD_B" = "10"
    Info (12134): Parameter "NUMWORDS_B" = "648"
    Info (12134): Parameter "ADDRESS_ACLR_A" = "NONE"
    Info (12134): Parameter "OUTDATA_REG_B" = "UNREGISTERED"
    Info (12134): Parameter "ADDRESS_ACLR_B" = "NONE"
    Info (12134): Parameter "OUTDATA_ACLR_B" = "NONE"
    Info (12134): Parameter "ADDRESS_REG_B" = "CLOCK0"
    Info (12134): Parameter "INDATA_ACLR_A" = "NONE"
    Info (12134): Parameter "WRCONTROL_ACLR_A" = "NONE"
    Info (12134): Parameter "READ_DURING_WRITE_MODE_MIXED_PORTS" = "OLD_DATA"
Info (12021): Found 1 design units, including 1 entities, in source file db/altsyncram_4an1.tdf
    Info (12023): Found entity 1: altsyncram_4an1 File: /tmp/h_Arcade-IGSPGM_MiSTer/db/altsyncram_4an1.tdf Line: 28
Info (12130): Elaborated megafunction instantiation "emu:emu|PGM:pgm_inst|IGS023:igs023|IGS023_Sprite:sprite|altsyncram:sprite_d3_rtl_0"
Info (12133): Instantiated megafunction "emu:emu|PGM:pgm_inst|IGS023:igs023|IGS023_Sprite:sprite|altsyncram:sprite_d3_rtl_0" with the following parameter:
    Info (12134): Parameter "OPERATION_MODE" = "DUAL_PORT"
    Info (12134): Parameter "WIDTH_A" = "16"
    Info (12134): Parameter "WIDTHAD_A" = "8"
    Info (12134): Parameter "NUMWORDS_A" = "256"
    Info (12134): Parameter "WIDTH_B" = "16"
    Info (12134): Parameter "WIDTHAD_B" = "8"
    Info (12134): Parameter "NUMWORDS_B" = "256"
    Info (12134): Parameter "ADDRESS_ACLR_A" = "NONE"
    Info (12134): Parameter "OUTDATA_REG_B" = "UNREGISTERED"
    Info (12134): Parameter "ADDRESS_ACLR_B" = "NONE"
    Info (12134): Parameter "OUTDATA_ACLR_B" = "NONE"
    Info (12134): Parameter "ADDRESS_REG_B" = "CLOCK0"
    Info (12134): Parameter "INDATA_ACLR_A" = "NONE"
    Info (12134): Parameter "WRCONTROL_ACLR_A" = "NONE"
    Info (12134): Parameter "RAM_BLOCK_TYPE" = "M10K"
    Info (12134): Parameter "READ_DURING_WRITE_MODE_MIXED_PORTS" = "OLD_DATA"
    Info (12134): Parameter "RDCONTROL_REG_B" = "CLOCK0"
Info (12021): Found 1 design units, including 1 entities, in source file db/altsyncram_p0s1.tdf
    Info (12023): Found entity 1: altsyncram_p0s1 File: /tmp/h_Arcade-IGSPGM_MiSTer/db/altsyncram_p0s1.tdf Line: 28
Info (12130): Elaborated megafunction instantiation "emu:emu|PGM:pgm_inst|IGS023:igs023|IGS023_Sprite:sprite|altsyncram:sprite_d4_rtl_0"
Info (12133): Instantiated megafunction "emu:emu|PGM:pgm_inst|IGS023:igs023|IGS023_Sprite:sprite|altsyncram:sprite_d4_rtl_0" with the following parameter:
    Info (12134): Parameter "OPERATION_MODE" = "DUAL_PORT"
    Info (12134): Parameter "WIDTH_A" = "15"
    Info (12134): Parameter "WIDTHAD_A" = "8"
    Info (12134): Parameter "NUMWORDS_A" = "256"
    Info (12134): Parameter "WIDTH_B" = "15"
    Info (12134): Parameter "WIDTHAD_B" = "8"
    Info (12134): Parameter "NUMWORDS_B" = "256"
    Info (12134): Parameter "ADDRESS_ACLR_A" = "NONE"
    Info (12134): Parameter "OUTDATA_REG_B" = "UNREGISTERED"
    Info (12134): Parameter "ADDRESS_ACLR_B" = "NONE"
    Info (12134): Parameter "OUTDATA_ACLR_B" = "NONE"
    Info (12134): Parameter "ADDRESS_REG_B" = "CLOCK0"
    Info (12134): Parameter "INDATA_ACLR_A" = "NONE"
    Info (12134): Parameter "WRCONTROL_ACLR_A" = "NONE"
    Info (12134): Parameter "RAM_BLOCK_TYPE" = "M10K"
    Info (12134): Parameter "READ_DURING_WRITE_MODE_MIXED_PORTS" = "OLD_DATA"
    Info (12134): Parameter "RDCONTROL_REG_B" = "CLOCK0"
Info (12021): Found 1 design units, including 1 entities, in source file db/altsyncram_n0s1.tdf
    Info (12023): Found entity 1: altsyncram_n0s1 File: /tmp/h_Arcade-IGSPGM_MiSTer/db/altsyncram_n0s1.tdf Line: 28
Info (12130): Elaborated megafunction instantiation "emu:emu|video_path:video_path|video_mixer:video_mixer|scandoubler:sd|Hq2x:Hq2x|Blend:blender|altshift_taps:e_rtl_0"
Info (12133): Instantiated megafunction "emu:emu|video_path:video_path|video_mixer:video_mixer|scandoubler:sd|Hq2x:Hq2x|Blend:blender|altshift_taps:e_rtl_0" with the following parameter:
    Info (12134): Parameter "NUMBER_OF_TAPS" = "1"
    Info (12134): Parameter "TAP_DISTANCE" = "3"
    Info (12134): Parameter "WIDTH" = "24"
    Info (12134): Parameter "POWER_UP_STATE" = "DONT_CARE"
Info (12021): Found 1 design units, including 1 entities, in source file db/shift_taps_9gv.tdf
    Info (12023): Found entity 1: shift_taps_9gv File: /tmp/h_Arcade-IGSPGM_MiSTer/db/shift_taps_9gv.tdf Line: 27
Info (12021): Found 1 design units, including 1 entities, in source file db/altsyncram_hr91.tdf
    Info (12023): Found entity 1: altsyncram_hr91 File: /tmp/h_Arcade-IGSPGM_MiSTer/db/altsyncram_hr91.tdf Line: 28
Info (12021): Found 1 design units, including 1 entities, in source file db/cntr_ohf.tdf
    Info (12023): Found entity 1: cntr_ohf File: /tmp/h_Arcade-IGSPGM_MiSTer/db/cntr_ohf.tdf Line: 28
Info (12021): Found 1 design units, including 1 entities, in source file db/cmpr_a9c.tdf
    Info (12023): Found entity 1: cmpr_a9c File: /tmp/h_Arcade-IGSPGM_MiSTer/db/cmpr_a9c.tdf Line: 23
Info (12130): Elaborated megafunction instantiation "shadowmask:HDMI_shadowmask|altsyncram:mask_lut_rtl_0"
Info (12133): Instantiated megafunction "shadowmask:HDMI_shadowmask|altsyncram:mask_lut_rtl_0" with the following parameter:
    Info (12134): Parameter "OPERATION_MODE" = "DUAL_PORT"
    Info (12134): Parameter "WIDTH_A" = "11"
    Info (12134): Parameter "WIDTHAD_A" = "8"
    Info (12134): Parameter "NUMWORDS_A" = "256"
    Info (12134): Parameter "WIDTH_B" = "11"
    Info (12134): Parameter "WIDTHAD_B" = "8"
    Info (12134): Parameter "NUMWORDS_B" = "256"
    Info (12134): Parameter "ADDRESS_ACLR_A" = "NONE"
    Info (12134): Parameter "OUTDATA_REG_B" = "UNREGISTERED"
    Info (12134): Parameter "ADDRESS_ACLR_B" = "NONE"
    Info (12134): Parameter "OUTDATA_ACLR_B" = "NONE"
    Info (12134): Parameter "ADDRESS_REG_B" = "CLOCK1"
    Info (12134): Parameter "INDATA_ACLR_A" = "NONE"
    Info (12134): Parameter "WRCONTROL_ACLR_A" = "NONE"
Info (12021): Found 1 design units, including 1 entities, in source file db/altsyncram_k9j1.tdf
    Info (12023): Found entity 1: altsyncram_k9j1 File: /tmp/h_Arcade-IGSPGM_MiSTer/db/altsyncram_k9j1.tdf Line: 28
Info (12130): Elaborated megafunction instantiation "ascal:ascal|altsyncram:pal1_mem_rtl_0"
Info (12133): Instantiated megafunction "ascal:ascal|altsyncram:pal1_mem_rtl_0" with the following parameter:
    Info (12134): Parameter "OPERATION_MODE" = "DUAL_PORT"
    Info (12134): Parameter "WIDTH_A" = "48"
    Info (12134): Parameter "WIDTHAD_A" = "7"
    Info (12134): Parameter "NUMWORDS_A" = "128"
    Info (12134): Parameter "WIDTH_B" = "48"
    Info (12134): Parameter "WIDTHAD_B" = "7"
    Info (12134): Parameter "NUMWORDS_B" = "128"
    Info (12134): Parameter "ADDRESS_ACLR_A" = "NONE"
    Info (12134): Parameter "OUTDATA_REG_B" = "UNREGISTERED"
    Info (12134): Parameter "ADDRESS_ACLR_B" = "NONE"
    Info (12134): Parameter "OUTDATA_ACLR_B" = "NONE"
    Info (12134): Parameter "ADDRESS_REG_B" = "CLOCK1"
    Info (12134): Parameter "INDATA_ACLR_A" = "NONE"
    Info (12134): Parameter "WRCONTROL_ACLR_A" = "NONE"
Info (12021): Found 1 design units, including 1 entities, in source file db/altsyncram_2aj1.tdf
    Info (12023): Found entity 1: altsyncram_2aj1 File: /tmp/h_Arcade-IGSPGM_MiSTer/db/altsyncram_2aj1.tdf Line: 28
Info (12130): Elaborated megafunction instantiation "shadowmask:HDMI_shadowmask|altshift_taps:vid_rtl_0"
Info (12133): Instantiated megafunction "shadowmask:HDMI_shadowmask|altshift_taps:vid_rtl_0" with the following parameter:
    Info (12134): Parameter "NUMBER_OF_TAPS" = "1"
    Info (12134): Parameter "TAP_DISTANCE" = "4"
    Info (12134): Parameter "WIDTH" = "81"
    Info (12134): Parameter "POWER_UP_STATE" = "DONT_CARE"
Info (12021): Found 1 design units, including 1 entities, in source file db/shift_taps_0vu.tdf
    Info (12023): Found entity 1: shift_taps_0vu File: /tmp/h_Arcade-IGSPGM_MiSTer/db/shift_taps_0vu.tdf Line: 27
Info (12021): Found 1 design units, including 1 entities, in source file db/altsyncram_pr91.tdf
    Info (12023): Found entity 1: altsyncram_pr91 File: /tmp/h_Arcade-IGSPGM_MiSTer/db/altsyncram_pr91.tdf Line: 28
Info (12021): Found 1 design units, including 1 entities, in source file db/cntr_phf.tdf
    Info (12023): Found entity 1: cntr_phf File: /tmp/h_Arcade-IGSPGM_MiSTer/db/cntr_phf.tdf Line: 26
Info (12130): Elaborated megafunction instantiation "ascal:ascal|altshift_taps:o_vpix_inner[2].r_rtl_0"
Info (12133): Instantiated megafunction "ascal:ascal|altshift_taps:o_vpix_inner[2].r_rtl_0" with the following parameter:
    Info (12134): Parameter "NUMBER_OF_TAPS" = "1"
    Info (12134): Parameter "TAP_DISTANCE" = "4"
    Info (12134): Parameter "WIDTH" = "24"
    Info (12134): Parameter "POWER_UP_STATE" = "DONT_CARE"
Info (12021): Found 1 design units, including 1 entities, in source file db/shift_taps_agv.tdf
    Info (12023): Found entity 1: shift_taps_agv File: /tmp/h_Arcade-IGSPGM_MiSTer/db/shift_taps_agv.tdf Line: 27
Info (12021): Found 1 design units, including 1 entities, in source file db/altsyncram_jr91.tdf
    Info (12023): Found entity 1: altsyncram_jr91 File: /tmp/h_Arcade-IGSPGM_MiSTer/db/altsyncram_jr91.tdf Line: 28
Info (12130): Elaborated megafunction instantiation "emu:emu|PGM:pgm_inst|rom_cache:rom_cache|altsyncram:cache_tag_rtl_0"
Info (12133): Instantiated megafunction "emu:emu|PGM:pgm_inst|rom_cache:rom_cache|altsyncram:cache_tag_rtl_0" with the following parameter:
    Info (12134): Parameter "OPERATION_MODE" = "DUAL_PORT"
    Info (12134): Parameter "WIDTH_A" = "12"
    Info (12134): Parameter "WIDTHAD_A" = "11"
    Info (12134): Parameter "NUMWORDS_A" = "2048"
    Info (12134): Parameter "WIDTH_B" = "12"
    Info (12134): Parameter "WIDTHAD_B" = "11"
    Info (12134): Parameter "NUMWORDS_B" = "2048"
    Info (12134): Parameter "ADDRESS_ACLR_A" = "NONE"
    Info (12134): Parameter "OUTDATA_REG_B" = "UNREGISTERED"
    Info (12134): Parameter "ADDRESS_ACLR_B" = "NONE"
    Info (12134): Parameter "OUTDATA_ACLR_B" = "NONE"
    Info (12134): Parameter "ADDRESS_REG_B" = "CLOCK0"
    Info (12134): Parameter "INDATA_ACLR_A" = "NONE"
    Info (12134): Parameter "WRCONTROL_ACLR_A" = "NONE"
    Info (12134): Parameter "READ_DURING_WRITE_MODE_MIXED_PORTS" = "OLD_DATA"
Info (12021): Found 1 design units, including 1 entities, in source file db/altsyncram_6cn1.tdf
    Info (12023): Found entity 1: altsyncram_6cn1 File: /tmp/h_Arcade-IGSPGM_MiSTer/db/altsyncram_6cn1.tdf Line: 28
Info (12130): Elaborated megafunction instantiation "emu:emu|PGM:pgm_inst|auto_save_adaptor2:z80_ss_adaptor|altsyncram:idx_map_rtl_0"
Info (12133): Instantiated megafunction "emu:emu|PGM:pgm_inst|auto_save_adaptor2:z80_ss_adaptor|altsyncram:idx_map_rtl_0" with the following parameter:
    Info (12134): Parameter "OPERATION_MODE" = "DUAL_PORT"
    Info (12134): Parameter "WIDTH_A" = "24"
    Info (12134): Parameter "WIDTHAD_A" = "9"
    Info (12134): Parameter "NUMWORDS_A" = "512"
    Info (12134): Parameter "WIDTH_B" = "24"
    Info (12134): Parameter "WIDTHAD_B" = "9"
    Info (12134): Parameter "NUMWORDS_B" = "512"
    Info (12134): Parameter "ADDRESS_ACLR_A" = "NONE"
    Info (12134): Parameter "OUTDATA_REG_B" = "UNREGISTERED"
    Info (12134): Parameter "ADDRESS_ACLR_B" = "NONE"
    Info (12134): Parameter "OUTDATA_ACLR_B" = "NONE"
    Info (12134): Parameter "ADDRESS_REG_B" = "CLOCK0"
    Info (12134): Parameter "INDATA_ACLR_A" = "NONE"
    Info (12134): Parameter "WRCONTROL_ACLR_A" = "NONE"
    Info (12134): Parameter "READ_DURING_WRITE_MODE_MIXED_PORTS" = "OLD_DATA"
Info (12021): Found 1 design units, including 1 entities, in source file db/altsyncram_e6n1.tdf
    Info (12023): Found entity 1: altsyncram_e6n1 File: /tmp/h_Arcade-IGSPGM_MiSTer/db/altsyncram_e6n1.tdf Line: 28
Info (12130): Elaborated megafunction instantiation "ascal:ascal|altsyncram:o_h_poly_mem_rtl_0"
Info (12133): Instantiated megafunction "ascal:ascal|altsyncram:o_h_poly_mem_rtl_0" with the following parameter:
    Info (12134): Parameter "OPERATION_MODE" = "DUAL_PORT"
    Info (12134): Parameter "WIDTH_A" = "40"
    Info (12134): Parameter "WIDTHAD_A" = "8"
    Info (12134): Parameter "NUMWORDS_A" = "256"
    Info (12134): Parameter "WIDTH_B" = "40"
    Info (12134): Parameter "WIDTHAD_B" = "8"
    Info (12134): Parameter "NUMWORDS_B" = "256"
    Info (12134): Parameter "ADDRESS_ACLR_A" = "NONE"
    Info (12134): Parameter "OUTDATA_REG_B" = "UNREGISTERED"
    Info (12134): Parameter "ADDRESS_ACLR_B" = "NONE"
    Info (12134): Parameter "OUTDATA_ACLR_B" = "NONE"
    Info (12134): Parameter "ADDRESS_REG_B" = "CLOCK1"
    Info (12134): Parameter "INDATA_ACLR_A" = "NONE"
    Info (12134): Parameter "WRCONTROL_ACLR_A" = "NONE"
Info (12021): Found 1 design units, including 1 entities, in source file db/altsyncram_o9j1.tdf
    Info (12023): Found entity 1: altsyncram_o9j1 File: /tmp/h_Arcade-IGSPGM_MiSTer/db/altsyncram_o9j1.tdf Line: 28
Info (12130): Elaborated megafunction instantiation "emu:emu|video_path:video_path|video_mixer:video_mixer|scandoubler:sd|Hq2x:Hq2x|hq2x_in:hq2x_in|hq2x_buf:buf1|altsyncram:ram_rtl_0"
Info (12133): Instantiated megafunction "emu:emu|video_path:video_path|video_mixer:video_mixer|scandoubler:sd|Hq2x:Hq2x|hq2x_in:hq2x_in|hq2x_buf:buf1|altsyncram:ram_rtl_0" with the following parameter:
    Info (12134): Parameter "OPERATION_MODE" = "DUAL_PORT"
    Info (12134): Parameter "WIDTH_A" = "24"
    Info (12134): Parameter "WIDTHAD_A" = "9"
    Info (12134): Parameter "NUMWORDS_A" = "324"
    Info (12134): Parameter "WIDTH_B" = "24"
    Info (12134): Parameter "WIDTHAD_B" = "9"
    Info (12134): Parameter "NUMWORDS_B" = "324"
    Info (12134): Parameter "ADDRESS_ACLR_A" = "NONE"
    Info (12134): Parameter "OUTDATA_REG_B" = "UNREGISTERED"
    Info (12134): Parameter "ADDRESS_ACLR_B" = "NONE"
    Info (12134): Parameter "OUTDATA_ACLR_B" = "NONE"
    Info (12134): Parameter "ADDRESS_REG_B" = "CLOCK0"
    Info (12134): Parameter "INDATA_ACLR_A" = "NONE"
    Info (12134): Parameter "WRCONTROL_ACLR_A" = "NONE"
    Info (12134): Parameter "READ_DURING_WRITE_MODE_MIXED_PORTS" = "OLD_DATA"
Info (12021): Found 1 design units, including 1 entities, in source file db/altsyncram_g6n1.tdf
    Info (12023): Found entity 1: altsyncram_g6n1 File: /tmp/h_Arcade-IGSPGM_MiSTer/db/altsyncram_g6n1.tdf Line: 28
Info (12130): Elaborated megafunction instantiation "emu:emu|PGM:pgm_inst|rom_cache:rom_cache|altsyncram:cache_data_rtl_0"
Info (12133): Instantiated megafunction "emu:emu|PGM:pgm_inst|rom_cache:rom_cache|altsyncram:cache_data_rtl_0" with the following parameter:
    Info (12134): Parameter "OPERATION_MODE" = "DUAL_PORT"
    Info (12134): Parameter "WIDTH_A" = "64"
    Info (12134): Parameter "WIDTHAD_A" = "11"
    Info (12134): Parameter "NUMWORDS_A" = "2048"
    Info (12134): Parameter "WIDTH_B" = "64"
    Info (12134): Parameter "WIDTHAD_B" = "11"
    Info (12134): Parameter "NUMWORDS_B" = "2048"
    Info (12134): Parameter "ADDRESS_ACLR_A" = "NONE"
    Info (12134): Parameter "OUTDATA_REG_B" = "UNREGISTERED"
    Info (12134): Parameter "ADDRESS_ACLR_B" = "NONE"
    Info (12134): Parameter "OUTDATA_ACLR_B" = "NONE"
    Info (12134): Parameter "ADDRESS_REG_B" = "CLOCK0"
    Info (12134): Parameter "INDATA_ACLR_A" = "NONE"
    Info (12134): Parameter "WRCONTROL_ACLR_A" = "NONE"
    Info (12134): Parameter "READ_DURING_WRITE_MODE_MIXED_PORTS" = "OLD_DATA"
Info (12021): Found 1 design units, including 1 entities, in source file db/altsyncram_kcn1.tdf
    Info (12023): Found entity 1: altsyncram_kcn1 File: /tmp/h_Arcade-IGSPGM_MiSTer/db/altsyncram_kcn1.tdf Line: 28
Info (12130): Elaborated megafunction instantiation "emu:emu|PGM:pgm_inst|ics2115:ics2115|ics2115_tables:u_tables|altsyncram:vol_mem_rtl_0"
Info (12133): Instantiated megafunction "emu:emu|PGM:pgm_inst|ics2115:ics2115|ics2115_tables:u_tables|altsyncram:vol_mem_rtl_0" with the following parameter:
    Info (12134): Parameter "OPERATION_MODE" = "ROM"
    Info (12134): Parameter "WIDTH_A" = "16"
    Info (12134): Parameter "WIDTHAD_A" = "12"
    Info (12134): Parameter "NUMWORDS_A" = "4096"
    Info (12134): Parameter "OUTDATA_REG_A" = "UNREGISTERED"
    Info (12134): Parameter "ADDRESS_ACLR_A" = "NONE"
    Info (12134): Parameter "OUTDATA_ACLR_A" = "NONE"
    Info (12134): Parameter "INDATA_ACLR_A" = "NONE"
    Info (12134): Parameter "WRCONTROL_ACLR_A" = "NONE"
    Info (12134): Parameter "INIT_FILE" = "db/Arcade-IGSPGM.ram0_ics2115_tables_735a3eaa.hdl.mif"
Info (12021): Found 1 design units, including 1 entities, in source file db/altsyncram_mbe1.tdf
    Info (12023): Found entity 1: altsyncram_mbe1 File: /tmp/h_Arcade-IGSPGM_MiSTer/db/altsyncram_mbe1.tdf Line: 28
Info (12130): Elaborated megafunction instantiation "emu:emu|PGM:pgm_inst|audio_rom_cache:audio_rom_cache|altsyncram:cached_tags_rtl_0"
Info (12133): Instantiated megafunction "emu:emu|PGM:pgm_inst|audio_rom_cache:audio_rom_cache|altsyncram:cached_tags_rtl_0" with the following parameter:
    Info (12134): Parameter "OPERATION_MODE" = "DUAL_PORT"
    Info (12134): Parameter "WIDTH_A" = "23"
    Info (12134): Parameter "WIDTHAD_A" = "6"
    Info (12134): Parameter "NUMWORDS_A" = "64"
    Info (12134): Parameter "WIDTH_B" = "23"
    Info (12134): Parameter "WIDTHAD_B" = "6"
    Info (12134): Parameter "NUMWORDS_B" = "64"
    Info (12134): Parameter "ADDRESS_ACLR_A" = "NONE"
    Info (12134): Parameter "OUTDATA_REG_B" = "UNREGISTERED"
    Info (12134): Parameter "ADDRESS_ACLR_B" = "NONE"
    Info (12134): Parameter "OUTDATA_ACLR_B" = "NONE"
    Info (12134): Parameter "ADDRESS_REG_B" = "CLOCK0"
    Info (12134): Parameter "INDATA_ACLR_A" = "NONE"
    Info (12134): Parameter "WRCONTROL_ACLR_A" = "NONE"
    Info (12134): Parameter "READ_DURING_WRITE_MODE_MIXED_PORTS" = "OLD_DATA"
Info (12021): Found 1 design units, including 1 entities, in source file db/altsyncram_a3n1.tdf
    Info (12023): Found entity 1: altsyncram_a3n1 File: /tmp/h_Arcade-IGSPGM_MiSTer/db/altsyncram_a3n1.tdf Line: 28
Info (12130): Elaborated megafunction instantiation "emu:emu|PGM:pgm_inst|IGS023:igs023|IGS023_Sprite:sprite|altsyncram:sprite_d0_rtl_0"
Info (12133): Instantiated megafunction "emu:emu|PGM:pgm_inst|IGS023:igs023|IGS023_Sprite:sprite|altsyncram:sprite_d0_rtl_0" with the following parameter:
    Info (12134): Parameter "OPERATION_MODE" = "DUAL_PORT"
    Info (12134): Parameter "WIDTH_A" = "16"
    Info (12134): Parameter "WIDTHAD_A" = "8"
    Info (12134): Parameter "NUMWORDS_A" = "256"
    Info (12134): Parameter "WIDTH_B" = "16"
    Info (12134): Parameter "WIDTHAD_B" = "8"
    Info (12134): Parameter "NUMWORDS_B" = "256"
    Info (12134): Parameter "ADDRESS_ACLR_A" = "NONE"
    Info (12134): Parameter "OUTDATA_REG_B" = "UNREGISTERED"
    Info (12134): Parameter "ADDRESS_ACLR_B" = "NONE"
    Info (12134): Parameter "OUTDATA_ACLR_B" = "NONE"
    Info (12134): Parameter "ADDRESS_REG_B" = "CLOCK0"
    Info (12134): Parameter "INDATA_ACLR_A" = "NONE"
    Info (12134): Parameter "WRCONTROL_ACLR_A" = "NONE"
    Info (12134): Parameter "RAM_BLOCK_TYPE" = "M10K"
    Info (12134): Parameter "READ_DURING_WRITE_MODE_MIXED_PORTS" = "OLD_DATA"
Info (12021): Found 1 design units, including 1 entities, in source file db/altsyncram_4jq1.tdf
    Info (12023): Found entity 1: altsyncram_4jq1 File: /tmp/h_Arcade-IGSPGM_MiSTer/db/altsyncram_4jq1.tdf Line: 28
Info (12130): Elaborated megafunction instantiation "emu:emu|PGM:pgm_inst|IGS023:igs023|IGS023_Sprite:sprite|altsyncram:sprite_state_rtl_0"
Info (12133): Instantiated megafunction "emu:emu|PGM:pgm_inst|IGS023:igs023|IGS023_Sprite:sprite|altsyncram:sprite_state_rtl_0" with the following parameter:
    Info (12134): Parameter "OPERATION_MODE" = "DUAL_PORT"
    Info (12134): Parameter "WIDTH_A" = "128"
    Info (12134): Parameter "WIDTHAD_A" = "8"
    Info (12134): Parameter "NUMWORDS_A" = "256"
    Info (12134): Parameter "WIDTH_B" = "128"
    Info (12134): Parameter "WIDTHAD_B" = "8"
    Info (12134): Parameter "NUMWORDS_B" = "256"
    Info (12134): Parameter "ADDRESS_ACLR_A" = "NONE"
    Info (12134): Parameter "OUTDATA_REG_B" = "UNREGISTERED"
    Info (12134): Parameter "ADDRESS_ACLR_B" = "NONE"
    Info (12134): Parameter "OUTDATA_ACLR_B" = "NONE"
    Info (12134): Parameter "ADDRESS_REG_B" = "CLOCK0"
    Info (12134): Parameter "INDATA_ACLR_A" = "NONE"
    Info (12134): Parameter "WRCONTROL_ACLR_A" = "NONE"
    Info (12134): Parameter "READ_DURING_WRITE_MODE_MIXED_PORTS" = "OLD_DATA"
Info (12021): Found 1 design units, including 1 entities, in source file db/altsyncram_7po1.tdf
    Info (12023): Found entity 1: altsyncram_7po1 File: /tmp/h_Arcade-IGSPGM_MiSTer/db/altsyncram_7po1.tdf Line: 28
Info (12130): Elaborated megafunction instantiation "emu:emu|PGM:pgm_inst|IGS023:igs023|IGS023_Sprite:sprite|altsyncram:sprite_state_rtl_1"
Info (12133): Instantiated megafunction "emu:emu|PGM:pgm_inst|IGS023:igs023|IGS023_Sprite:sprite|altsyncram:sprite_state_rtl_1" with the following parameter:
    Info (12134): Parameter "OPERATION_MODE" = "DUAL_PORT"
    Info (12134): Parameter "WIDTH_A" = "128"
    Info (12134): Parameter "WIDTHAD_A" = "8"
    Info (12134): Parameter "NUMWORDS_A" = "256"
    Info (12134): Parameter "WIDTH_B" = "128"
    Info (12134): Parameter "WIDTHAD_B" = "8"
    Info (12134): Parameter "NUMWORDS_B" = "256"
    Info (12134): Parameter "ADDRESS_ACLR_A" = "NONE"
    Info (12134): Parameter "OUTDATA_REG_B" = "UNREGISTERED"
    Info (12134): Parameter "ADDRESS_ACLR_B" = "NONE"
    Info (12134): Parameter "OUTDATA_ACLR_B" = "NONE"
    Info (12134): Parameter "ADDRESS_REG_B" = "CLOCK0"
    Info (12134): Parameter "INDATA_ACLR_A" = "NONE"
    Info (12134): Parameter "WRCONTROL_ACLR_A" = "NONE"
    Info (12134): Parameter "READ_DURING_WRITE_MODE_MIXED_PORTS" = "OLD_DATA"
Info (12130): Elaborated megafunction instantiation "emu:emu|PGM:pgm_inst|fx68k:m68000|uRom:uRom|altsyncram:uRam_rtl_0"
Info (12133): Instantiated megafunction "emu:emu|PGM:pgm_inst|fx68k:m68000|uRom:uRom|altsyncram:uRam_rtl_0" with the following parameter:
    Info (12134): Parameter "OPERATION_MODE" = "ROM"
    Info (12134): Parameter "WIDTH_A" = "17"
    Info (12134): Parameter "WIDTHAD_A" = "10"
    Info (12134): Parameter "NUMWORDS_A" = "1024"
    Info (12134): Parameter "OUTDATA_REG_A" = "UNREGISTERED"
    Info (12134): Parameter "ADDRESS_ACLR_A" = "NONE"
    Info (12134): Parameter "OUTDATA_ACLR_A" = "NONE"
    Info (12134): Parameter "INDATA_ACLR_A" = "NONE"
    Info (12134): Parameter "WRCONTROL_ACLR_A" = "NONE"
    Info (12134): Parameter "INIT_FILE" = "db/Arcade-IGSPGM.ram0_uRom_41e27d.hdl.mif"
Info (12021): Found 1 design units, including 1 entities, in source file db/altsyncram_7cd1.tdf
    Info (12023): Found entity 1: altsyncram_7cd1 File: /tmp/h_Arcade-IGSPGM_MiSTer/db/altsyncram_7cd1.tdf Line: 28
Info (12130): Elaborated megafunction instantiation "emu:emu|PGM:pgm_inst|fx68k:m68000|nanoRom:nanoRom|altsyncram:nRam_rtl_0"
Info (12133): Instantiated megafunction "emu:emu|PGM:pgm_inst|fx68k:m68000|nanoRom:nanoRom|altsyncram:nRam_rtl_0" with the following parameter:
    Info (12134): Parameter "OPERATION_MODE" = "ROM"
    Info (12134): Parameter "WIDTH_A" = "68"
    Info (12134): Parameter "WIDTHAD_A" = "9"
    Info (12134): Parameter "NUMWORDS_A" = "336"
    Info (12134): Parameter "OUTDATA_REG_A" = "UNREGISTERED"
    Info (12134): Parameter "ADDRESS_ACLR_A" = "NONE"
    Info (12134): Parameter "OUTDATA_ACLR_A" = "NONE"
    Info (12134): Parameter "INDATA_ACLR_A" = "NONE"
    Info (12134): Parameter "WRCONTROL_ACLR_A" = "NONE"
    Info (12134): Parameter "INIT_FILE" = "db/Arcade-IGSPGM.ram0_nanoRom_eb8e7439.hdl.mif"
Info (12021): Found 1 design units, including 1 entities, in source file db/altsyncram_lod1.tdf
    Info (12023): Found entity 1: altsyncram_lod1 File: /tmp/h_Arcade-IGSPGM_MiSTer/db/altsyncram_lod1.tdf Line: 28
Info (12130): Elaborated megafunction instantiation "ascal:ascal|altshift_taps:o_dcptv_rtl_0"
Info (12133): Instantiated megafunction "ascal:ascal|altshift_taps:o_dcptv_rtl_0" with the following parameter:
    Info (12134): Parameter "NUMBER_OF_TAPS" = "1"
    Info (12134): Parameter "TAP_DISTANCE" = "14"
    Info (12134): Parameter "WIDTH" = "11"
    Info (12134): Parameter "POWER_UP_STATE" = "DONT_CARE"
Info (12021): Found 1 design units, including 1 entities, in source file db/shift_taps_a0v.tdf
    Info (12023): Found entity 1: shift_taps_a0v File: /tmp/h_Arcade-IGSPGM_MiSTer/db/shift_taps_a0v.tdf Line: 27
Info (12021): Found 1 design units, including 1 entities, in source file db/altsyncram_hu91.tdf
    Info (12023): Found entity 1: altsyncram_hu91 File: /tmp/h_Arcade-IGSPGM_MiSTer/db/altsyncram_hu91.tdf Line: 28
Info (12021): Found 1 design units, including 1 entities, in source file db/cntr_cjf.tdf
    Info (12023): Found entity 1: cntr_cjf File: /tmp/h_Arcade-IGSPGM_MiSTer/db/cntr_cjf.tdf Line: 28
Info (12021): Found 1 design units, including 1 entities, in source file db/cmpr_c9c.tdf
    Info (12023): Found entity 1: cmpr_c9c File: /tmp/h_Arcade-IGSPGM_MiSTer/db/cmpr_c9c.tdf Line: 23
Info (12130): Elaborated megafunction instantiation "emu:emu|video_path:video_path|video_mixer:video_mixer|gamma_corr:gamma|altsyncram:gamma_curve_rtl_0"
Info (12133): Instantiated megafunction "emu:emu|video_path:video_path|video_mixer:video_mixer|gamma_corr:gamma|altsyncram:gamma_curve_rtl_0" with the following parameter:
    Info (12134): Parameter "OPERATION_MODE" = "DUAL_PORT"
    Info (12134): Parameter "WIDTH_A" = "8"
    Info (12134): Parameter "WIDTHAD_A" = "10"
    Info (12134): Parameter "NUMWORDS_A" = "768"
    Info (12134): Parameter "WIDTH_B" = "8"
    Info (12134): Parameter "WIDTHAD_B" = "10"
    Info (12134): Parameter "NUMWORDS_B" = "768"
    Info (12134): Parameter "ADDRESS_ACLR_A" = "NONE"
    Info (12134): Parameter "OUTDATA_REG_B" = "UNREGISTERED"
    Info (12134): Parameter "ADDRESS_ACLR_B" = "NONE"
    Info (12134): Parameter "OUTDATA_ACLR_B" = "NONE"
    Info (12134): Parameter "ADDRESS_REG_B" = "CLOCK0"
    Info (12134): Parameter "INDATA_ACLR_A" = "NONE"
    Info (12134): Parameter "WRCONTROL_ACLR_A" = "NONE"
Info (12021): Found 1 design units, including 1 entities, in source file db/altsyncram_4ni1.tdf
    Info (12023): Found entity 1: altsyncram_4ni1 File: /tmp/h_Arcade-IGSPGM_MiSTer/db/altsyncram_4ni1.tdf Line: 28
Info (12130): Elaborated megafunction instantiation "osd:vga_osd|altsyncram:osd_buffer_rtl_0"
Info (12133): Instantiated megafunction "osd:vga_osd|altsyncram:osd_buffer_rtl_0" with the following parameter:
    Info (12134): Parameter "OPERATION_MODE" = "DUAL_PORT"
    Info (12134): Parameter "WIDTH_A" = "8"
    Info (12134): Parameter "WIDTHAD_A" = "12"
    Info (12134): Parameter "NUMWORDS_A" = "4096"
    Info (12134): Parameter "WIDTH_B" = "8"
    Info (12134): Parameter "WIDTHAD_B" = "12"
    Info (12134): Parameter "NUMWORDS_B" = "4096"
    Info (12134): Parameter "ADDRESS_ACLR_A" = "NONE"
    Info (12134): Parameter "OUTDATA_REG_B" = "UNREGISTERED"
    Info (12134): Parameter "ADDRESS_ACLR_B" = "NONE"
    Info (12134): Parameter "OUTDATA_ACLR_B" = "NONE"
    Info (12134): Parameter "ADDRESS_REG_B" = "CLOCK0"
    Info (12134): Parameter "INDATA_ACLR_A" = "NONE"
    Info (12134): Parameter "WRCONTROL_ACLR_A" = "NONE"
    Info (12134): Parameter "RDCONTROL_REG_B" = "CLOCK0"
Info (12021): Found 1 design units, including 1 entities, in source file db/altsyncram_0nl1.tdf
    Info (12023): Found entity 1: altsyncram_0nl1 File: /tmp/h_Arcade-IGSPGM_MiSTer/db/altsyncram_0nl1.tdf Line: 28
Info (12130): Elaborated megafunction instantiation "ascal:ascal|altsyncram:i_dpram_rtl_0"
Info (12133): Instantiated megafunction "ascal:ascal|altsyncram:i_dpram_rtl_0" with the following parameter:
    Info (12134): Parameter "OPERATION_MODE" = "DUAL_PORT"
    Info (12134): Parameter "WIDTH_A" = "128"
    Info (12134): Parameter "WIDTHAD_A" = "5"
    Info (12134): Parameter "NUMWORDS_A" = "32"
    Info (12134): Parameter "WIDTH_B" = "128"
    Info (12134): Parameter "WIDTHAD_B" = "5"
    Info (12134): Parameter "NUMWORDS_B" = "32"
    Info (12134): Parameter "ADDRESS_ACLR_A" = "NONE"
    Info (12134): Parameter "OUTDATA_REG_B" = "UNREGISTERED"
    Info (12134): Parameter "ADDRESS_ACLR_B" = "NONE"
    Info (12134): Parameter "OUTDATA_ACLR_B" = "NONE"
    Info (12134): Parameter "ADDRESS_REG_B" = "CLOCK1"
    Info (12134): Parameter "INDATA_ACLR_A" = "NONE"
    Info (12134): Parameter "WRCONTROL_ACLR_A" = "NONE"
Info (12021): Found 1 design units, including 1 entities, in source file db/altsyncram_g9j1.tdf
    Info (12023): Found entity 1: altsyncram_g9j1 File: /tmp/h_Arcade-IGSPGM_MiSTer/db/altsyncram_g9j1.tdf Line: 28
Info (12130): Elaborated megafunction instantiation "ascal:ascal|altsyncram:o_dpram_rtl_0"
Info (12133): Instantiated megafunction "ascal:ascal|altsyncram:o_dpram_rtl_0" with the following parameter:
    Info (12134): Parameter "OPERATION_MODE" = "DUAL_PORT"
    Info (12134): Parameter "WIDTH_A" = "128"
    Info (12134): Parameter "WIDTHAD_A" = "5"
    Info (12134): Parameter "NUMWORDS_A" = "32"
    Info (12134): Parameter "WIDTH_B" = "128"
    Info (12134): Parameter "WIDTHAD_B" = "5"
    Info (12134): Parameter "NUMWORDS_B" = "32"
    Info (12134): Parameter "ADDRESS_ACLR_A" = "NONE"
    Info (12134): Parameter "OUTDATA_REG_B" = "CLOCK1"
    Info (12134): Parameter "ADDRESS_ACLR_B" = "NONE"
    Info (12134): Parameter "OUTDATA_ACLR_B" = "NONE"
    Info (12134): Parameter "ADDRESS_REG_B" = "CLOCK1"
    Info (12134): Parameter "INDATA_ACLR_A" = "NONE"
    Info (12134): Parameter "WRCONTROL_ACLR_A" = "NONE"
Info (12021): Found 1 design units, including 1 entities, in source file db/altsyncram_32k1.tdf
    Info (12023): Found entity 1: altsyncram_32k1 File: /tmp/h_Arcade-IGSPGM_MiSTer/db/altsyncram_32k1.tdf Line: 28
Info (12130): Elaborated megafunction instantiation "yc_out:yc_out|altshift_taps:phase[2].y_rtl_0"
Info (12133): Instantiated megafunction "yc_out:yc_out|altshift_taps:phase[2].y_rtl_0" with the following parameter:
    Info (12134): Parameter "NUMBER_OF_TAPS" = "1"
    Info (12134): Parameter "TAP_DISTANCE" = "3"
    Info (12134): Parameter "WIDTH" = "12"
    Info (12134): Parameter "POWER_UP_STATE" = "DONT_CARE"
Info (12021): Found 1 design units, including 1 entities, in source file db/shift_taps_puu.tdf
    Info (12023): Found entity 1: shift_taps_puu File: /tmp/h_Arcade-IGSPGM_MiSTer/db/shift_taps_puu.tdf Line: 27
Info (12021): Found 1 design units, including 1 entities, in source file db/altsyncram_br91.tdf
    Info (12023): Found entity 1: altsyncram_br91 File: /tmp/h_Arcade-IGSPGM_MiSTer/db/altsyncram_br91.tdf Line: 28
Info (12130): Elaborated megafunction instantiation "emu:emu|video_path:video_path|video_hscale:video_hscale|altshift_taps:hs_d1_rtl_0"
Info (12133): Instantiated megafunction "emu:emu|video_path:video_path|video_hscale:video_hscale|altshift_taps:hs_d1_rtl_0" with the following parameter:
    Info (12134): Parameter "NUMBER_OF_TAPS" = "1"
    Info (12134): Parameter "TAP_DISTANCE" = "3"
    Info (12134): Parameter "WIDTH" = "33"
    Info (12134): Parameter "POWER_UP_STATE" = "DONT_CARE"
Info (12021): Found 1 design units, including 1 entities, in source file db/shift_taps_suu.tdf
    Info (12023): Found entity 1: shift_taps_suu File: /tmp/h_Arcade-IGSPGM_MiSTer/db/shift_taps_suu.tdf Line: 27
Info (12021): Found 1 design units, including 1 entities, in source file db/altsyncram_ir91.tdf
    Info (12023): Found entity 1: altsyncram_ir91 File: /tmp/h_Arcade-IGSPGM_MiSTer/db/altsyncram_ir91.tdf Line: 28
Info (12130): Elaborated megafunction instantiation "emu:emu|PGM:pgm_inst|audio_rom_cache:audio_rom_cache|altsyncram:cached_data_rtl_0"
Info (12133): Instantiated megafunction "emu:emu|PGM:pgm_inst|audio_rom_cache:audio_rom_cache|altsyncram:cached_data_rtl_0" with the following parameter:
    Info (12134): Parameter "OPERATION_MODE" = "DUAL_PORT"
    Info (12134): Parameter "WIDTH_A" = "64"
    Info (12134): Parameter "WIDTHAD_A" = "6"
    Info (12134): Parameter "NUMWORDS_A" = "64"
    Info (12134): Parameter "WIDTH_B" = "64"
    Info (12134): Parameter "WIDTHAD_B" = "6"
    Info (12134): Parameter "NUMWORDS_B" = "64"
    Info (12134): Parameter "ADDRESS_ACLR_A" = "NONE"
    Info (12134): Parameter "OUTDATA_REG_B" = "UNREGISTERED"
    Info (12134): Parameter "ADDRESS_ACLR_B" = "NONE"
    Info (12134): Parameter "OUTDATA_ACLR_B" = "NONE"
    Info (12134): Parameter "ADDRESS_REG_B" = "CLOCK0"
    Info (12134): Parameter "INDATA_ACLR_A" = "NONE"
    Info (12134): Parameter "WRCONTROL_ACLR_A" = "NONE"
    Info (12134): Parameter "READ_DURING_WRITE_MODE_MIXED_PORTS" = "OLD_DATA"
Info (12021): Found 1 design units, including 1 entities, in source file db/altsyncram_k3n1.tdf
    Info (12023): Found entity 1: altsyncram_k3n1 File: /tmp/h_Arcade-IGSPGM_MiSTer/db/altsyncram_k3n1.tdf Line: 28
Info (12130): Elaborated megafunction instantiation "osd:hdmi_osd|altsyncram:osd_buffer_rtl_0"
Info (12133): Instantiated megafunction "osd:hdmi_osd|altsyncram:osd_buffer_rtl_0" with the following parameter:
    Info (12134): Parameter "OPERATION_MODE" = "DUAL_PORT"
    Info (12134): Parameter "WIDTH_A" = "8"
    Info (12134): Parameter "WIDTHAD_A" = "12"
    Info (12134): Parameter "NUMWORDS_A" = "4096"
    Info (12134): Parameter "WIDTH_B" = "8"
    Info (12134): Parameter "WIDTHAD_B" = "12"
    Info (12134): Parameter "NUMWORDS_B" = "4096"
    Info (12134): Parameter "ADDRESS_ACLR_A" = "NONE"
    Info (12134): Parameter "OUTDATA_REG_B" = "UNREGISTERED"
    Info (12134): Parameter "ADDRESS_ACLR_B" = "NONE"
    Info (12134): Parameter "OUTDATA_ACLR_B" = "NONE"
    Info (12134): Parameter "ADDRESS_REG_B" = "CLOCK1"
    Info (12134): Parameter "INDATA_ACLR_A" = "NONE"
    Info (12134): Parameter "WRCONTROL_ACLR_A" = "NONE"
Info (12021): Found 1 design units, including 1 entities, in source file db/altsyncram_i6k1.tdf
    Info (12023): Found entity 1: altsyncram_i6k1 File: /tmp/h_Arcade-IGSPGM_MiSTer/db/altsyncram_i6k1.tdf Line: 28
Info (12130): Elaborated megafunction instantiation "vga_out:vga_scaler_out|altshift_taps:din1_rtl_0"
Info (12133): Instantiated megafunction "vga_out:vga_scaler_out|altshift_taps:din1_rtl_0" with the following parameter:
    Info (12134): Parameter "NUMBER_OF_TAPS" = "1"
    Info (12134): Parameter "TAP_DISTANCE" = "3"
    Info (12134): Parameter "WIDTH" = "31"
    Info (12134): Parameter "POWER_UP_STATE" = "DONT_CARE"
Info (12021): Found 1 design units, including 1 entities, in source file db/shift_taps_quu.tdf
    Info (12023): Found entity 1: shift_taps_quu File: /tmp/h_Arcade-IGSPGM_MiSTer/db/shift_taps_quu.tdf Line: 27
Info (12021): Found 1 design units, including 1 entities, in source file db/altsyncram_dr91.tdf
    Info (12023): Found entity 1: altsyncram_dr91 File: /tmp/h_Arcade-IGSPGM_MiSTer/db/altsyncram_dr91.tdf Line: 28
Info (12130): Elaborated megafunction instantiation "emu:emu|PGM:pgm_inst|IGS023:igs023|IGS023_FG:fg|altsyncram:color_buffer_rtl_0"
Info (12133): Instantiated megafunction "emu:emu|PGM:pgm_inst|IGS023:igs023|IGS023_FG:fg|altsyncram:color_buffer_rtl_0" with the following parameter:
    Info (12134): Parameter "OPERATION_MODE" = "DUAL_PORT"
    Info (12134): Parameter "WIDTH_A" = "32"
    Info (12134): Parameter "WIDTHAD_A" = "6"
    Info (12134): Parameter "NUMWORDS_A" = "64"
    Info (12134): Parameter "WIDTH_B" = "32"
    Info (12134): Parameter "WIDTHAD_B" = "6"
    Info (12134): Parameter "NUMWORDS_B" = "64"
    Info (12134): Parameter "ADDRESS_ACLR_A" = "NONE"
    Info (12134): Parameter "OUTDATA_REG_B" = "UNREGISTERED"
    Info (12134): Parameter "ADDRESS_ACLR_B" = "NONE"
    Info (12134): Parameter "OUTDATA_ACLR_B" = "NONE"
    Info (12134): Parameter "ADDRESS_REG_B" = "CLOCK0"
    Info (12134): Parameter "INDATA_ACLR_A" = "NONE"
    Info (12134): Parameter "WRCONTROL_ACLR_A" = "NONE"
Info (12021): Found 1 design units, including 1 entities, in source file db/altsyncram_iji1.tdf
    Info (12023): Found entity 1: altsyncram_iji1 File: /tmp/h_Arcade-IGSPGM_MiSTer/db/altsyncram_iji1.tdf Line: 28
Info (12130): Elaborated megafunction instantiation "emu:emu|PGM:pgm_inst|IGS023:igs023|IGS023_FG:fg|altsyncram:palette_buffer_rtl_0"
Info (12133): Instantiated megafunction "emu:emu|PGM:pgm_inst|IGS023:igs023|IGS023_FG:fg|altsyncram:palette_buffer_rtl_0" with the following parameter:
    Info (12134): Parameter "OPERATION_MODE" = "DUAL_PORT"
    Info (12134): Parameter "WIDTH_A" = "5"
    Info (12134): Parameter "WIDTHAD_A" = "6"
    Info (12134): Parameter "NUMWORDS_A" = "64"
    Info (12134): Parameter "WIDTH_B" = "5"
    Info (12134): Parameter "WIDTHAD_B" = "6"
    Info (12134): Parameter "NUMWORDS_B" = "64"
    Info (12134): Parameter "ADDRESS_ACLR_A" = "NONE"
    Info (12134): Parameter "OUTDATA_REG_B" = "UNREGISTERED"
    Info (12134): Parameter "ADDRESS_ACLR_B" = "NONE"
    Info (12134): Parameter "OUTDATA_ACLR_B" = "NONE"
    Info (12134): Parameter "ADDRESS_REG_B" = "CLOCK0"
    Info (12134): Parameter "INDATA_ACLR_A" = "NONE"
    Info (12134): Parameter "WRCONTROL_ACLR_A" = "NONE"
Info (12021): Found 1 design units, including 1 entities, in source file db/altsyncram_igi1.tdf
    Info (12023): Found entity 1: altsyncram_igi1 File: /tmp/h_Arcade-IGSPGM_MiSTer/db/altsyncram_igi1.tdf Line: 28
Warning (12241): 29 hierarchies have connectivity warnings - see the Connectivity Checks report folder
Warning (14284): Synthesized away the following node(s):
    Warning (14285): Synthesized away the following RAM node(s):
        Warning (14320): Synthesized away node "emu:emu|PGM:pgm_inst|fx68k:m68000|nanoRom:nanoRom|altsyncram:nRam_rtl_0|altsyncram_lod1:auto_generated|ram_block1a2" File: /tmp/h_Arcade-IGSPGM_MiSTer/db/altsyncram_lod1.tdf Line: 77
        Warning (14320): Synthesized away node "emu:emu|PGM:pgm_inst|fx68k:m68000|nanoRom:nanoRom|altsyncram:nRam_rtl_0|altsyncram_lod1:auto_generated|ram_block1a23" File: /tmp/h_Arcade-IGSPGM_MiSTer/db/altsyncram_lod1.tdf Line: 518
        Warning (14320): Synthesized away node "emu:emu|PGM:pgm_inst|IGS023:igs023|IGS023_Sprite:sprite|altsyncram:sprite_state_rtl_1|altsyncram_7po1:auto_generated|ram_block1a0" File: /tmp/h_Arcade-IGSPGM_MiSTer/db/altsyncram_7po1.tdf Line: 39
        Warning (14320): Synthesized away node "emu:emu|PGM:pgm_inst|IGS023:igs023|IGS023_Sprite:sprite|altsyncram:sprite_state_rtl_1|altsyncram_7po1:auto_generated|ram_block1a1" File: /tmp/h_Arcade-IGSPGM_MiSTer/db/altsyncram_7po1.tdf Line: 67
        Warning (14320): Synthesized away node "emu:emu|PGM:pgm_inst|IGS023:igs023|IGS023_Sprite:sprite|altsyncram:sprite_state_rtl_1|altsyncram_7po1:auto_generated|ram_block1a2" File: /tmp/h_Arcade-IGSPGM_MiSTer/db/altsyncram_7po1.tdf Line: 95
        Warning (14320): Synthesized away node "emu:emu|PGM:pgm_inst|IGS023:igs023|IGS023_Sprite:sprite|altsyncram:sprite_state_rtl_1|altsyncram_7po1:auto_generated|ram_block1a3" File: /tmp/h_Arcade-IGSPGM_MiSTer/db/altsyncram_7po1.tdf Line: 123
        Warning (14320): Synthesized away node "emu:emu|PGM:pgm_inst|IGS023:igs023|IGS023_Sprite:sprite|altsyncram:sprite_state_rtl_1|altsyncram_7po1:auto_generated|ram_block1a4" File: /tmp/h_Arcade-IGSPGM_MiSTer/db/altsyncram_7po1.tdf Line: 151
        Warning (14320): Synthesized away node "emu:emu|PGM:pgm_inst|IGS023:igs023|IGS023_Sprite:sprite|altsyncram:sprite_state_rtl_1|altsyncram_7po1:auto_generated|ram_block1a5" File: /tmp/h_Arcade-IGSPGM_MiSTer/db/altsyncram_7po1.tdf Line: 179
        Warning (14320): Synthesized away node "emu:emu|PGM:pgm_inst|IGS023:igs023|IGS023_Sprite:sprite|altsyncram:sprite_state_rtl_1|altsyncram_7po1:auto_generated|ram_block1a6" File: /tmp/h_Arcade-IGSPGM_MiSTer/db/altsyncram_7po1.tdf Line: 207
        Warning (14320): Synthesized away node "emu:emu|PGM:pgm_inst|IGS023:igs023|IGS023_Sprite:sprite|altsyncram:sprite_state_rtl_1|altsyncram_7po1:auto_generated|ram_block1a7" File: /tmp/h_Arcade-IGSPGM_MiSTer/db/altsyncram_7po1.tdf Line: 235
        Warning (14320): Synthesized away node "emu:emu|PGM:pgm_inst|IGS023:igs023|IGS023_Sprite:sprite|altsyncram:sprite_state_rtl_1|altsyncram_7po1:auto_generated|ram_block1a8" File: /tmp/h_Arcade-IGSPGM_MiSTer/db/altsyncram_7po1.tdf Line: 263
        Warning (14320): Synthesized away node "emu:emu|PGM:pgm_inst|IGS023:igs023|IGS023_Sprite:sprite|altsyncram:sprite_state_rtl_1|altsyncram_7po1:auto_generated|ram_block1a9" File: /tmp/h_Arcade-IGSPGM_MiSTer/db/altsyncram_7po1.tdf Line: 291
        Warning (14320): Synthesized away node "emu:emu|PGM:pgm_inst|IGS023:igs023|IGS023_Sprite:sprite|altsyncram:sprite_state_rtl_1|altsyncram_7po1:auto_generated|ram_block1a10" File: /tmp/h_Arcade-IGSPGM_MiSTer/db/altsyncram_7po1.tdf Line: 319
        Warning (14320): Synthesized away node "emu:emu|PGM:pgm_inst|IGS023:igs023|IGS023_Sprite:sprite|altsyncram:sprite_state_rtl_1|altsyncram_7po1:auto_generated|ram_block1a11" File: /tmp/h_Arcade-IGSPGM_MiSTer/db/altsyncram_7po1.tdf Line: 347
        Warning (14320): Synthesized away node "emu:emu|PGM:pgm_inst|IGS023:igs023|IGS023_Sprite:sprite|altsyncram:sprite_state_rtl_1|altsyncram_7po1:auto_generated|ram_block1a12" File: /tmp/h_Arcade-IGSPGM_MiSTer/db/altsyncram_7po1.tdf Line: 375
        Warning (14320): Synthesized away node "emu:emu|PGM:pgm_inst|IGS023:igs023|IGS023_Sprite:sprite|altsyncram:sprite_state_rtl_1|altsyncram_7po1:auto_generated|ram_block1a13" File: /tmp/h_Arcade-IGSPGM_MiSTer/db/altsyncram_7po1.tdf Line: 403
        Warning (14320): Synthesized away node "emu:emu|PGM:pgm_inst|IGS023:igs023|IGS023_Sprite:sprite|altsyncram:sprite_state_rtl_1|altsyncram_7po1:auto_generated|ram_block1a14" File: /tmp/h_Arcade-IGSPGM_MiSTer/db/altsyncram_7po1.tdf Line: 431
        Warning (14320): Synthesized away node "emu:emu|PGM:pgm_inst|IGS023:igs023|IGS023_Sprite:sprite|altsyncram:sprite_state_rtl_1|altsyncram_7po1:auto_generated|ram_block1a15" File: /tmp/h_Arcade-IGSPGM_MiSTer/db/altsyncram_7po1.tdf Line: 459
        Warning (14320): Synthesized away node "emu:emu|PGM:pgm_inst|IGS023:igs023|IGS023_Sprite:sprite|altsyncram:sprite_state_rtl_1|altsyncram_7po1:auto_generated|ram_block1a16" File: /tmp/h_Arcade-IGSPGM_MiSTer/db/altsyncram_7po1.tdf Line: 487
        Warning (14320): Synthesized away node "emu:emu|PGM:pgm_inst|IGS023:igs023|IGS023_Sprite:sprite|altsyncram:sprite_state_rtl_1|altsyncram_7po1:auto_generated|ram_block1a17" File: /tmp/h_Arcade-IGSPGM_MiSTer/db/altsyncram_7po1.tdf Line: 515
        Warning (14320): Synthesized away node "emu:emu|PGM:pgm_inst|IGS023:igs023|IGS023_Sprite:sprite|altsyncram:sprite_state_rtl_1|altsyncram_7po1:auto_generated|ram_block1a18" File: /tmp/h_Arcade-IGSPGM_MiSTer/db/altsyncram_7po1.tdf Line: 543
        Warning (14320): Synthesized away node "emu:emu|PGM:pgm_inst|IGS023:igs023|IGS023_Sprite:sprite|altsyncram:sprite_state_rtl_1|altsyncram_7po1:auto_generated|ram_block1a19" File: /tmp/h_Arcade-IGSPGM_MiSTer/db/altsyncram_7po1.tdf Line: 571
        Warning (14320): Synthesized away node "emu:emu|PGM:pgm_inst|IGS023:igs023|IGS023_Sprite:sprite|altsyncram:sprite_state_rtl_1|altsyncram_7po1:auto_generated|ram_block1a20" File: /tmp/h_Arcade-IGSPGM_MiSTer/db/altsyncram_7po1.tdf Line: 599
Info (17026): Resynthesizing 0 WYSIWYG logic cells and I/Os using "speed" technology mapper which leaves 7 WYSIWYG logic cells and I/Os untouched
Warning (13050): Open-drain buffer(s) that do not directly drive top-level pin(s) are removed
    Warning (13051): Converted the fanout from the open-drain buffer "emu:emu|SD_SCK" to the node "emu:emu|SD_SCK" into a wire File: /tmp/h_Arcade-IGSPGM_MiSTer/Arcade-IGSPGM.sv Line: 111
    Warning (13051): Converted the fanout from the open-drain buffer "emu:emu|SD_MOSI" to the node "emu:emu|SD_MOSI" into a wire File: /tmp/h_Arcade-IGSPGM_MiSTer/Arcade-IGSPGM.sv Line: 112
Warning (14284): Synthesized away the following node(s):
    Warning (14285): Synthesized away the following LCELL buffer node(s):
        Warning (14320): Synthesized away node "pll_cfg_hdmi:pll_cfg_hdmi|phase_done" File: /tmp/h_Arcade-IGSPGM_MiSTer/sys/pll_cfg/pll_cfg_hdmi.v Line: 165
Warning (13050): Open-drain buffer(s) that do not directly drive top-level pin(s) are removed
    Warning (13051): Converted the fanout from the open-drain buffer "HDMI_I2C_SCL" to the node "hdmi_scl_en" into a wire File: /tmp/h_Arcade-IGSPGM_MiSTer/sys/sys_top.v Line: 30
Warning (13024): Output pins are stuck at VCC or GND
    Warning (13410): Pin "SDRAM_CKE" is stuck at VCC File: /tmp/h_Arcade-IGSPGM_MiSTer/sys/sys_top.v Line: 57
Info (17049): 1771 registers lost all their fanouts during netlist optimizations.
Info (17016): Found the following redundant logic cells in design
    Info (17048): Logic cell "pll_cfg_hdmi:pll_cfg_hdmi|generic_lcell_comb:lcell_dprio_read|combout" File: /tmp/h_Arcade-IGSPGM_MiSTer/sys/pll_cfg/altera_pll_reconfig_core.v Line: 2179
    Info (17048): Logic cell "pll_cfg_hdmi:pll_cfg_hdmi|dyn_phase_shift:dyn_phase_shift_inst|generic_lcell_comb:lcell_cnt_sel_0|combout" File: /tmp/h_Arcade-IGSPGM_MiSTer/sys/pll_cfg/altera_pll_reconfig_core.v Line: 2179
    Info (17048): Logic cell "pll_cfg_hdmi:pll_cfg_hdmi|dyn_phase_shift:dyn_phase_shift_inst|generic_lcell_comb:lcell_cnt_sel_1|combout" File: /tmp/h_Arcade-IGSPGM_MiSTer/sys/pll_cfg/altera_pll_reconfig_core.v Line: 2179
    Info (17048): Logic cell "pll_cfg_hdmi:pll_cfg_hdmi|dyn_phase_shift:dyn_phase_shift_inst|generic_lcell_comb:lcell_cnt_sel_2|combout" File: /tmp/h_Arcade-IGSPGM_MiSTer/sys/pll_cfg/altera_pll_reconfig_core.v Line: 2179
    Info (17048): Logic cell "pll_cfg_hdmi:pll_cfg_hdmi|dyn_phase_shift:dyn_phase_shift_inst|generic_lcell_comb:lcell_cnt_sel_3|combout" File: /tmp/h_Arcade-IGSPGM_MiSTer/sys/pll_cfg/altera_pll_reconfig_core.v Line: 2179
    Info (17048): Logic cell "pll_cfg_hdmi:pll_cfg_hdmi|dyn_phase_shift:dyn_phase_shift_inst|generic_lcell_comb:lcell_cnt_sel_4|combout" File: /tmp/h_Arcade-IGSPGM_MiSTer/sys/pll_cfg/altera_pll_reconfig_core.v Line: 2179
    Info (17048): Logic cell "pll_cfg_hdmi:pll_cfg_hdmi|generic_lcell_comb:lcell_fpll_0_1|combout" File: /tmp/h_Arcade-IGSPGM_MiSTer/sys/pll_cfg/altera_pll_reconfig_core.v Line: 2179
    Info (17048): Logic cell "pll_cfg_hdmi:pll_cfg_hdmi|up_dn" File: /tmp/h_Arcade-IGSPGM_MiSTer/sys/pll_cfg/pll_cfg_hdmi.v Line: 167
    Info (17048): Logic cell "pll_cfg_hdmi:pll_cfg_hdmi|phase_en" File: /tmp/h_Arcade-IGSPGM_MiSTer/sys/pll_cfg/pll_cfg_hdmi.v Line: 166
    Info (17048): Logic cell "pll_cfg_hdmi:pll_cfg_hdmi|dprio_ser_shift_load" File: /tmp/h_Arcade-IGSPGM_MiSTer/sys/pll_cfg/pll_cfg_hdmi.v Line: 159
    Info (17048): Logic cell "pll_cfg_hdmi:pll_cfg_hdmi|dyn_phase_shift:dyn_phase_shift_inst|gnd" File: /tmp/h_Arcade-IGSPGM_MiSTer/sys/pll_cfg/altera_pll_reconfig_core.v Line: 1919
Info (144001): Generated suppressed messages file /tmp/h_Arcade-IGSPGM_MiSTer/output_files/Arcade-IGSPGM.map.smsg
Info (16010): Generating hard_block partition "hard_block:auto_generated_inst"
    Info (16011): Adding 43 node(s), including 3 DDIO, 3 PLL, 0 transceiver and 0 LCELL
Info (21057): Implemented 73165 device resources after synthesis - the final resource count might be different
    Info (21058): Implemented 16 input pins
    Info (21059): Implemented 96 output pins
    Info (21060): Implemented 33 bidirectional pins
    Info (21061): Implemented 69777 logic cells
    Info (21064): Implemented 3155 RAM segments
    Info (21065): Implemented 3 PLLs
    Info (21062): Implemented 64 DSP elements
Info: Quartus Prime Analysis & Synthesis was successful. 0 errors, 390 warnings
    Info: Peak virtual memory: 2736 megabytes
    Info: Processing ended: Mon Sep 14 15:05:09 2026
    Info: Elapsed time: 00:03:05
    Info: Total CPU time (on all processors): 00:04:10
Info: *******************************************************************
Info: Running Quartus Prime Fitter
    Info: Version 17.0.2 Build 602 07/19/2017 SJ Standard Edition
    Info: Processing started: Mon Sep 14 15:05:10 2026
Info: Command: quartus_fit --read_settings_files=off --write_settings_files=off Arcade-IGSPGM -c Arcade-IGSPGM
Info: qfit2_default_script.tcl version: #1
Info: Project  = Arcade-IGSPGM
Info: Revision = Arcade-IGSPGM
Info (16303): High Performance Effort optimization mode selected -- timing performance will be prioritized at the potential cost of increased compilation time
Info (20030): Parallel compilation is enabled and will use 16 of the 24 processors detected
Info (119006): Selected device 5CSEBA6U23I7 for design "Arcade-IGSPGM"
Info (21077): Low junction temperature is -40 degrees C
Info (21077): High junction temperature is 100 degrees C
Info (171004): Fitter is performing a Standard Fit compilation using maximum Fitter effort to optimize design performance
Warning (292013): Feature LogicLock is only available with a valid subscription license. You can purchase a software subscription to gain full access to this feature.
Info (176045): Design uses memory blocks. Violating setup or hold times of memory block address registers for either read or write operations could cause memory contents to be corrupted. Make sure that all memory block address registers meet the setup and hold time requirements.
Info (184020): Starting Fitter periphery placement operations
Info (11178): Promoted 9 clocks (8 global, 1 regional)
    Info (11162): aspi_sck~CLKENA0 with 129 fanout uses regional clock CLKCTRL_R6
        Info (11177): Node drives Regional Clock Region 0 from (0, 37) to (51, 81)
    Info (11162): sysmem_lite:sysmem|sysmem_HPS_fpga_interfaces:fpga_interfaces|h2f_rst_n[0]~CLKENA0 with 51 fanout uses global clock CLKCTRL_G9
    Info (11162): sysmem_lite:sysmem|sysmem_HPS_fpga_interfaces:fpga_interfaces|h2f_user0_clk[0]~CLKENA0 with 937 fanout uses global clock CLKCTRL_G13
    Info (11162): hdmi_tx_clk~CLKENA0 with 84 fanout uses global clock CLKCTRL_G7
    Info (11162): vga_tx_clk~CLKENA0 with 3 fanout uses global clock CLKCTRL_G6
    Info (11162): pll_audio:pll_audio|pll_audio_0002:pll_audio_inst|altera_pll:altera_pll_i|outclk_wire[0]~CLKENA0 with 1625 fanout uses global clock CLKCTRL_G3
    Info (11162): emu:emu|pll:pll|pll_0002:pll_inst|altera_pll:altera_pll_i|outclk_wire[0]~CLKENA0 with 585 fanout uses global clock CLKCTRL_G10
    Info (11162): emu:emu|pll:pll|pll_0002:pll_inst|altera_pll:altera_pll_i|outclk_wire[1]~CLKENA0 with 29673 fanout uses global clock CLKCTRL_G5
Info (11191): Automatically promoted 2 clocks (2 global)
    Info (11162): FPGA_CLK1_50~inputCLKENA0 with 705 fanout uses global clock CLKCTRL_G1
    Info (11162): FPGA_CLK2_50~inputCLKENA0 with 489 fanout uses global clock CLKCTRL_G0
Info (184021): Fitter periphery placement operations ending: elapsed time is 00:00:01
Info (332164): Evaluating HDL-embedded SDC commands
    Info (332165): Entity altera_std_synchronizer
        Info (332166): set_false_path -to [get_keepers {*altera_std_synchronizer:*|din_s1}]
Info (332104): Reading SDC File: 'sys/sys_top.sdc'
Info (332110): Deriving PLL clocks
    Info (332110): create_generated_clock -source {pll_audio|pll_audio_inst|altera_pll_i|general[0].gpll~FRACTIONAL_PLL|refclkin} -divide_by 512 -multiply_by 4279 -duty_cycle 50.00 -name {pll_audio|pll_audio_inst|altera_pll_i|general[0].gpll~FRACTIONAL_PLL|vcoph[0]} {pll_audio|pll_audio_inst|altera_pll_i|general[0].gpll~FRACTIONAL_PLL|vcoph[0]}
    Info (332110): create_generated_clock -source {pll_audio|pll_audio_inst|altera_pll_i|general[0].gpll~PLL_OUTPUT_COUNTER|vco0ph[0]} -divide_by 17 -duty_cycle 50.00 -name {pll_audio|pll_audio_inst|altera_pll_i|general[0].gpll~PLL_OUTPUT_COUNTER|divclk} {pll_audio|pll_audio_inst|altera_pll_i|general[0].gpll~PLL_OUTPUT_COUNTER|divclk}
    Info (332110): create_generated_clock -source {emu|pll|pll_inst|altera_pll_i|general[0].gpll~FRACTIONAL_PLL|refclkin} -multiply_by 6 -duty_cycle 50.00 -name {emu|pll|pll_inst|altera_pll_i|general[0].gpll~FRACTIONAL_PLL|vcoph[0]} {emu|pll|pll_inst|altera_pll_i|general[0].gpll~FRACTIONAL_PLL|vcoph[0]}
    Info (332110): create_generated_clock -source {emu|pll|pll_inst|altera_pll_i|general[0].gpll~PLL_OUTPUT_COUNTER|vco0ph[0]} -divide_by 3 -duty_cycle 50.00 -name {emu|pll|pll_inst|altera_pll_i|general[0].gpll~PLL_OUTPUT_COUNTER|divclk} {emu|pll|pll_inst|altera_pll_i|general[0].gpll~PLL_OUTPUT_COUNTER|divclk}
    Info (332110): create_generated_clock -source {emu|pll|pll_inst|altera_pll_i|general[1].gpll~PLL_OUTPUT_COUNTER|vco0ph[0]} -divide_by 6 -duty_cycle 50.00 -name {emu|pll|pll_inst|altera_pll_i|general[1].gpll~PLL_OUTPUT_COUNTER|divclk} {emu|pll|pll_inst|altera_pll_i|general[1].gpll~PLL_OUTPUT_COUNTER|divclk}
Info (332151): Clock uncertainty is not calculated until you update the timing netlist.
Info (332104): Reading SDC File: 'Arcade-IGSPGM.sdc'
Info (332151): Clock uncertainty is not calculated until you update the timing netlist.
Info (332097): The following timing edges are non-unate.  TimeQuest will assume pos-unate behavior for these edges in the clock network.
    Info (332098): Cell: emu|pll|pll_inst|altera_pll_i|general[0].gpll~FRACTIONAL_PLL  from: refclkin  to: fbclk
    Info (332098): Cell: emu|pll|pll_inst|altera_pll_i|general[0].gpll~PLL_OUTPUT_COUNTER  from: vco0ph[0]  to: divclk
    Info (332098): Cell: emu|pll|pll_inst|altera_pll_i|general[0].gpll~PLL_REFCLK_SELECT  from: clkin[0]  to: clkout
    Info (332098): Cell: emu|pll|pll_inst|altera_pll_i|general[1].gpll~PLL_OUTPUT_COUNTER  from: vco0ph[0]  to: divclk
    Info (332098): Cell: pll_audio|pll_audio_inst|altera_pll_i|general[0].gpll~FRACTIONAL_PLL  from: refclkin  to: fbclk
    Info (332098): Cell: pll_audio|pll_audio_inst|altera_pll_i|general[0].gpll~PLL_OUTPUT_COUNTER  from: vco0ph[0]  to: divclk
    Info (332098): Cell: pll_audio|pll_audio_inst|altera_pll_i|general[0].gpll~PLL_REFCLK_SELECT  from: clkin[0]  to: clkout
    Info (332098): From: sysmem|fpga_interfaces|f2sdram|cmd_port_clk_0  to: sysmem_lite:sysmem|sysmem_HPS_fpga_interfaces:fpga_interfaces|f2sdram~FF_762
    Info (332098): From: sysmem|fpga_interfaces|f2sdram|cmd_port_clk_1  to: sysmem_lite:sysmem|sysmem_HPS_fpga_interfaces:fpga_interfaces|f2sdram~FF_827
    Info (332098): From: sysmem|fpga_interfaces|f2sdram|cmd_port_clk_2  to: sysmem_lite:sysmem|sysmem_HPS_fpga_interfaces:fpga_interfaces|f2sdram~FF_920
    Info (332098): From: sysmem|fpga_interfaces|f2sdram|rd_clk_0  to: sysmem_lite:sysmem|sysmem_HPS_fpga_interfaces:fpga_interfaces|f2sdram~FF_7
    Info (332098): From: sysmem|fpga_interfaces|f2sdram|rd_clk_1  to: sysmem_lite:sysmem|sysmem_HPS_fpga_interfaces:fpga_interfaces|f2sdram~FF_6
    Info (332098): From: sysmem|fpga_interfaces|f2sdram|rd_clk_2  to: sysmem_lite:sysmem|sysmem_HPS_fpga_interfaces:fpga_interfaces|f2sdram~FF_5
    Info (332098): From: sysmem|fpga_interfaces|f2sdram|rd_clk_3  to: sysmem_lite:sysmem|sysmem_HPS_fpga_interfaces:fpga_interfaces|f2sdram~FF_4
    Info (332098): From: sysmem|fpga_interfaces|f2sdram|wr_clk_0  to: sysmem_lite:sysmem|sysmem_HPS_fpga_interfaces:fpga_interfaces|f2sdram~FF_3
    Info (332098): From: sysmem|fpga_interfaces|f2sdram|wr_clk_1  to: sysmem_lite:sysmem|sysmem_HPS_fpga_interfaces:fpga_interfaces|f2sdram~FF_2
    Info (332098): From: sysmem|fpga_interfaces|f2sdram|wr_clk_2  to: sysmem_lite:sysmem|sysmem_HPS_fpga_interfaces:fpga_interfaces|f2sdram~FF_1
    Info (332098): From: sysmem|fpga_interfaces|f2sdram|wr_clk_3  to: sysmem_lite:sysmem|sysmem_HPS_fpga_interfaces:fpga_interfaces|f2sdram~FF_0
Info (332123): Deriving Clock Uncertainty. Please refer to report_sdc in TimeQuest to see clock uncertainties.
Info (332129): Detected timing requirements -- optimizing circuit to achieve only the specified requirements
Info (332111): Found 13 clocks
    Info (332111):   Period   Clock Name
    Info (332111): ======== ============
    Info (332111):    3.333 emu|pll|pll_inst|altera_pll_i|general[0].gpll~FRACTIONAL_PLL|vcoph[0]
    Info (332111):   10.000 emu|pll|pll_inst|altera_pll_i|general[0].gpll~PLL_OUTPUT_COUNTER|divclk
    Info (332111):   20.000 emu|pll|pll_inst|altera_pll_i|general[1].gpll~PLL_OUTPUT_COUNTER|divclk
    Info (332111):   20.000 FPGA_CLK1_50
    Info (332111):   20.000 FPGA_CLK2_50
    Info (332111):   20.000 FPGA_CLK3_50
    Info (332111):  100.000     hdmi_sck
    Info (332111):    2.393 pll_audio|pll_audio_inst|altera_pll_i|general[0].gpll~FRACTIONAL_PLL|vcoph[0]
    Info (332111):   40.682 pll_audio|pll_audio_inst|altera_pll_i|general[0].gpll~PLL_OUTPUT_COUNTER|divclk
    Info (332111):   10.000      spi_sck
    Info (332111):   10.000 sysmem|fpga_interfaces|clocks_resets|h2f_user0_clk
Info (176233): Starting register packing
Warning (176250): Ignoring invalid fast I/O register assignments. See the Ignored Assignments panel in the Fitter Compilation Report for more information.
Warning (176251): Ignoring some wildcard destinations of fast I/O register assignments
    Info (176252): Wildcard assignment "Fast Output Register=ON" to "SDRAM_*" matches multiple destination nodes -- some destinations are not valid